date,time_pdt,latitude,longitude,indoor,floor,rssi,noise,signal_measured,datetime
2026-04-09,20:37:57,37.427721,-122.15586,True,3,-58.0,-98.0,True,2026-04-09 20:37:57-07:00
2026-04-09,20:37:57,37.427721,-122.15586,True,3,-57.0,-98.0,True,2026-04-09 20:37:57-07:00
2026-04-09,20:37:57,37.427721,-122.15586,True,3,-57.0,-98.0,True,2026-04-09 20:37:57-07:00
2026-04-09,20:39:47,37.427721,-122.15586,True,3,-58.0,-98.0,True,2026-04-09 20:39:47-07:00
2026-04-09,20:39:47,37.427721,-122.15586,True,3,-58.0,-98.0,True,2026-04-09 20:39:47-07:00
2026-04-09,20:39:47,37.427721,-122.15586,True,3,-58.0,-98.0,True,2026-04-09 20:39:47-07:00
2026-04-10,12:29:18,37.428897,-122.172035,True,3,-45.0,-96.0,True,2026-04-10 12:29:18-07:00
2026-04-10,12:29:18,37.428897,-122.172035,True,3,-44.0,-96.0,True,2026-04-10 12:29:18-07:00
2026-04-10,12:29:18,37.428897,-122.172035,True,3,-44.0,-96.0,True,2026-04-10 12:29:18-07:00
2026-04-10,12:31:58,37.428971,-122.172236,True,2,-44.0,-96.0,True,2026-04-10 12:31:58-07:00
2026-04-10,12:31:58,37.428971,-122.172236,True,2,-44.0,-96.0,True,2026-04-10 12:31:58-07:00
2026-04-10,12:31:58,37.428971,-122.172236,True,2,-44.0,-96.0,True,2026-04-10 12:31:58-07:00
2026-04-10,15:23:28,37.428879,-122.172168,True,2,-38.0,-96.0,True,2026-04-10 15:23:28-07:00
2026-04-10,15:23:28,37.428879,-122.172168,True,2,-38.0,-96.0,True,2026-04-10 15:23:28-07:00
2026-04-10,15:23:28,37.428879,-122.172168,True,2,-38.0,-96.0,True,2026-04-10 15:23:28-07:00
2026-04-10,15:34:11,37.428874,-122.172186,True,2,-50.0,-96.0,True,2026-04-10 15:34:11-07:00
2026-04-10,15:34:11,37.428874,-122.172186,True,2,-50.0,-96.0,True,2026-04-10 15:34:11-07:00
2026-04-10,15:34:11,37.428874,-122.172186,True,2,-49.0,-96.0,True,2026-04-10 15:34:11-07:00
2026-04-10,15:34:39,37.428925,-122.172174,True,2,-43.0,-96.0,True,2026-04-10 15:34:39-07:00
2026-04-10,15:34:39,37.428925,-122.172174,True,2,-43.0,-96.0,True,2026-04-10 15:34:39-07:00
2026-04-10,15:34:39,37.428925,-122.172174,True,2,-42.0,-96.0,True,2026-04-10 15:34:39-07:00
2026-04-10,15:34:49,37.428925,-122.172174,True,2,-46.0,-96.0,True,2026-04-10 15:34:49-07:00
2026-04-10,15:34:49,37.428925,-122.172174,True,2,-46.0,-96.0,True,2026-04-10 15:34:49-07:00
2026-04-10,15:34:49,37.428925,-122.172174,True,2,-46.0,-96.0,True,2026-04-10 15:34:49-07:00
2026-04-11,15:19:14,37.427719,-122.155865,True,2,-40.0,-99.0,True,2026-04-11 15:19:14-07:00
2026-04-11,15:19:14,37.427719,-122.155865,True,2,-40.0,-99.0,True,2026-04-11 15:19:14-07:00
2026-04-11,15:19:14,37.427719,-122.155865,True,2,-40.0,-99.0,True,2026-04-11 15:19:14-07:00
2026-04-11,16:44:09,37.427689,-122.155876,True,2,-59.0,-99.0,True,2026-04-11 16:44:09-07:00
2026-04-11,16:44:09,37.427689,-122.155876,True,2,-59.0,-99.0,True,2026-04-11 16:44:09-07:00
2026-04-11,16:44:09,37.427689,-122.155876,True,2,-59.0,-99.0,True,2026-04-11 16:44:09-07:00
2026-04-12,01:57:01,37.427689,-122.155874,True,2,-57.0,-99.0,True,2026-04-12 01:57:01-07:00
2026-04-12,01:57:01,37.427689,-122.155874,True,2,-57.0,-99.0,True,2026-04-12 01:57:01-07:00
2026-04-12,01:57:01,37.427689,-122.155874,True,2,-56.0,-99.0,True,2026-04-12 01:57:01-07:00
2026-04-12,17:39:02,37.42769,-122.155856,True,3,-54.0,-99.0,True,2026-04-12 17:39:02-07:00
2026-04-12,17:39:02,37.42769,-122.155856,True,3,-56.0,-99.0,True,2026-04-12 17:39:02-07:00
2026-04-12,17:39:02,37.42769,-122.155856,True,3,-53.0,-99.0,True,2026-04-12 17:39:02-07:00
2026-04-12,17:39:44,37.427764,-122.155862,True,3,-81.0,-99.0,True,2026-04-12 17:39:44-07:00
2026-04-12,17:39:44,37.427764,-122.155862,True,3,-46.0,-97.0,True,2026-04-12 17:39:44-07:00
2026-04-12,17:39:44,37.427764,-122.155862,True,3,-48.0,-97.0,True,2026-04-12 17:39:44-07:00
2026-04-12,17:39:50,37.427764,-122.155862,True,3,-47.0,-97.0,True,2026-04-12 17:39:50-07:00
2026-04-12,17:39:50,37.427764,-122.155862,True,3,-47.0,-97.0,True,2026-04-12 17:39:50-07:00
2026-04-12,17:39:50,37.427764,-122.155862,True,3,-44.0,-97.0,True,2026-04-12 17:39:50-07:00
2026-04-12,17:40:41,37.427213,-122.156071,True,3,-68.0,-97.0,True,2026-04-12 17:40:41-07:00
2026-04-12,17:40:41,37.427213,-122.156071,True,3,-65.0,-97.0,True,2026-04-12 17:40:41-07:00
2026-04-12,17:40:41,37.427213,-122.156071,True,3,-66.0,-97.0,True,2026-04-12 17:40:41-07:00
2026-04-12,17:41:19,37.427102,-122.155358,True,3,-47.0,-99.0,True,2026-04-12 17:41:19-07:00
2026-04-12,17:41:19,37.427102,-122.155358,True,3,-49.0,-99.0,True,2026-04-12 17:41:19-07:00
2026-04-12,17:41:19,37.427102,-122.155358,True,3,-48.0,-99.0,True,2026-04-12 17:41:19-07:00
2026-04-12,17:42:39,37.426885,-122.15566,True,0,-81.0,-99.0,True,2026-04-12 17:42:39-07:00
2026-04-12,17:42:39,37.426885,-122.15566,True,0,-80.0,-99.0,True,2026-04-12 17:42:39-07:00
2026-04-12,17:42:39,37.426885,-122.15566,True,0,-82.0,-99.0,True,2026-04-12 17:42:39-07:00
2026-04-12,17:44:51,37.427008,-122.15533,True,0,-70.0,-99.0,True,2026-04-12 17:44:51-07:00
2026-04-12,17:44:51,37.427008,-122.15533,True,0,-75.0,-99.0,True,2026-04-12 17:44:51-07:00
2026-04-12,17:44:51,37.427008,-122.15533,True,0,-76.0,-99.0,True,2026-04-12 17:44:51-07:00
2026-04-12,17:45:11,37.427006,-122.155327,True,0,-81.0,-99.0,True,2026-04-12 17:45:11-07:00
2026-04-12,17:45:11,37.427006,-122.155327,True,0,-83.0,-99.0,True,2026-04-12 17:45:11-07:00
2026-04-12,17:45:11,37.427006,-122.155327,True,0,-83.0,-99.0,True,2026-04-12 17:45:11-07:00
2026-04-12,17:45:44,37.427295,-122.155661,True,3,-76.0,-96.0,True,2026-04-12 17:45:44-07:00
2026-04-12,17:45:44,37.427295,-122.155661,True,3,-76.0,-94.0,True,2026-04-12 17:45:44-07:00
2026-04-12,17:45:44,37.427295,-122.155661,True,3,-74.0,-94.0,True,2026-04-12 17:45:44-07:00
2026-04-12,17:46:39,37.427219,-122.156017,True,3,null,null,False,2026-04-12 17:46:39-07:00
2026-04-12,17:46:39,37.427219,-122.156017,True,3,null,null,False,2026-04-12 17:46:39-07:00
2026-04-12,17:46:39,37.427219,-122.156017,True,3,-48.0,-97.0,True,2026-04-12 17:46:39-07:00
2026-04-13,12:25:21,37.428908,-122.172092,True,2,-56.0,-97.0,True,2026-04-13 12:25:21-07:00
2026-04-13,12:25:21,37.428908,-122.172092,True,2,-54.0,-97.0,True,2026-04-13 12:25:21-07:00
2026-04-13,12:25:21,37.428908,-122.172092,True,2,-55.0,-97.0,True,2026-04-13 12:25:21-07:00
2026-04-13,12:31:29,37.429192,-122.172257,True,2,null,null,False,2026-04-13 12:31:29-07:00
2026-04-13,12:31:29,37.429192,-122.172257,True,2,null,null,False,2026-04-13 12:31:29-07:00
2026-04-13,12:31:29,37.429192,-122.172257,True,2,null,null,False,2026-04-13 12:31:29-07:00
2026-04-13,13:27:15,37.427241,-122.170833,True,1,-56.0,-97.0,True,2026-04-13 13:27:15-07:00
2026-04-13,13:27:15,37.427241,-122.170833,True,1,-57.0,-97.0,True,2026-04-13 13:27:15-07:00
2026-04-13,13:27:15,37.427241,-122.170833,True,1,-56.0,-97.0,True,2026-04-13 13:27:15-07:00
2026-04-13,14:51:46,37.427258,-122.170837,True,1,-58.0,-96.0,True,2026-04-13 14:51:46-07:00
2026-04-13,14:51:46,37.427258,-122.170837,True,1,-56.0,-96.0,True,2026-04-13 14:51:46-07:00
2026-04-13,14:51:46,37.427258,-122.170837,True,1,-57.0,-96.0,True,2026-04-13 14:51:46-07:00
2026-04-13,14:52:34,37.427258,-122.170837,False,1,-71.0,-97.0,True,2026-04-13 14:52:34-07:00
2026-04-13,14:52:34,37.427258,-122.170837,False,1,-70.0,-97.0,True,2026-04-13 14:52:34-07:00
2026-04-13,14:52:34,37.427258,-122.170837,False,1,-72.0,-97.0,True,2026-04-13 14:52:34-07:00
2026-04-13,14:52:58,37.42729,-122.170844,False,1,-77.0,-94.0,True,2026-04-13 14:52:58-07:00
2026-04-13,14:52:58,37.42729,-122.170844,False,1,-79.0,-94.0,True,2026-04-13 14:52:58-07:00
2026-04-13,14:52:58,37.42729,-122.170844,False,1,-80.0,-94.0,True,2026-04-13 14:52:58-07:00
2026-04-13,14:53:31,37.427331,-122.170859,False,1,-73.0,-93.0,True,2026-04-13 14:53:31-07:00
2026-04-13,14:53:31,37.427331,-122.170859,False,1,-74.0,-96.0,True,2026-04-13 14:53:31-07:00
2026-04-13,14:53:31,37.427331,-122.170859,False,1,-80.0,-96.0,True,2026-04-13 14:53:31-07:00
2026-04-13,14:53:44,37.427331,-122.170859,False,1,-68.0,-96.0,True,2026-04-13 14:53:44-07:00
2026-04-13,14:53:44,37.427331,-122.170859,False,1,-68.0,-96.0,True,2026-04-13 14:53:44-07:00
2026-04-13,14:53:44,37.427331,-122.170859,False,1,-68.0,-96.0,True,2026-04-13 14:53:44-07:00
2026-04-13,14:54:34,37.42757,-122.17079,False,1,-79.0,-95.0,True,2026-04-13 14:54:34-07:00
2026-04-13,14:54:34,37.42757,-122.17079,False,1,-78.0,-95.0,True,2026-04-13 14:54:34-07:00
2026-04-13,14:54:34,37.42757,-122.17079,False,1,-78.0,-95.0,True,2026-04-13 14:54:34-07:00
2026-04-13,14:54:57,37.427575,-122.170963,False,1,-84.0,-97.0,True,2026-04-13 14:54:57-07:00
2026-04-13,14:54:57,37.427575,-122.170963,False,1,-84.0,-97.0,True,2026-04-13 14:54:57-07:00
2026-04-13,14:54:57,37.427575,-122.170963,False,1,null,null,False,2026-04-13 14:54:57-07:00
2026-04-13,15:02:41,37.428965,-122.172069,True,2,-42.0,-97.0,True,2026-04-13 15:02:41-07:00
2026-04-13,15:02:41,37.428965,-122.172069,True,2,-41.0,-97.0,True,2026-04-13 15:02:41-07:00
2026-04-13,15:02:41,37.428965,-122.172069,True,2,-42.0,-97.0,True,2026-04-13 15:02:41-07:00
2026-04-13,20:59:54,37.427702,-122.155867,True,3,-60.0,-99.0,True,2026-04-13 20:59:54-07:00
2026-04-13,20:59:54,37.427702,-122.155867,True,3,-61.0,-99.0,True,2026-04-13 20:59:54-07:00
2026-04-13,20:59:54,37.427702,-122.155867,True,3,-61.0,-99.0,True,2026-04-13 20:59:54-07:00
2026-04-13,21:00:22,37.427689,-122.155876,True,3,-62.0,-99.0,True,2026-04-13 21:00:22-07:00
2026-04-13,21:00:22,37.427689,-122.155876,True,3,-62.0,-99.0,True,2026-04-13 21:00:22-07:00
2026-04-13,21:00:22,37.427689,-122.155876,True,3,-62.0,-99.0,True,2026-04-13 21:00:22-07:00
2026-04-13,21:00:45,37.42765921389363,-122.1558757887763,True,3,-62.0,-99.0,True,2026-04-13 21:00:45-07:00
2026-04-13,21:00:45,37.42765921389363,-122.1558757887763,True,3,-61.0,-99.0,True,2026-04-13 21:00:45-07:00
2026-04-13,21:00:45,37.42765921389363,-122.1558757887763,True,3,-59.0,-99.0,True,2026-04-13 21:00:45-07:00
2026-04-14,12:30:40,37.42764702769366,-122.155879140719,True,3,-77.0,-97.0,True,2026-04-14 12:30:40-07:00
2026-04-14,12:30:40,37.42764702769366,-122.155879140719,True,3,-74.0,-97.0,True,2026-04-14 12:30:40-07:00
2026-04-14,12:30:40,37.42764702769366,-122.155879140719,True,3,null,null,False,2026-04-14 12:30:40-07:00
2026-04-14,12:32:41,37.42743821094641,-122.1563017784426,False,1,null,null,False,2026-04-14 12:32:41-07:00
2026-04-14,12:32:41,37.42743821094641,-122.1563017784426,False,1,null,null,False,2026-04-14 12:32:41-07:00
2026-04-14,12:32:41,37.42743821094641,-122.1563017784426,False,1,-91.0,-94.0,True,2026-04-14 12:32:41-07:00
2026-04-14,12:33:15,37.42747110680025,-122.156250035763,False,1,-92.0,-99.0,True,2026-04-14 12:33:15-07:00
2026-04-14,12:33:15,37.42747110680025,-122.156250035763,False,1,-92.0,-99.0,True,2026-04-14 12:33:15-07:00
2026-04-14,12:33:15,37.42747110680025,-122.156250035763,False,1,-90.0,-99.0,True,2026-04-14 12:33:15-07:00
2026-04-14,12:34:18,37.42718777622787,-122.1567330603694,False,1,-68.0,-96.0,True,2026-04-14 12:34:18-07:00
2026-04-14,12:34:18,37.42718777622787,-122.1567330603694,False,1,-68.0,-96.0,True,2026-04-14 12:34:18-07:00
2026-04-14,12:34:18,37.42718777622787,-122.1567330603694,False,1,-71.0,-96.0,True,2026-04-14 12:34:18-07:00
2026-04-14,12:35:04,37.42698378878388,-122.1564883145182,False,1,-70.0,-96.0,True,2026-04-14 12:35:04-07:00
2026-04-14,12:35:04,37.42698378878388,-122.1564883145182,False,1,-69.0,-96.0,True,2026-04-14 12:35:04-07:00
2026-04-14,12:35:04,37.42698378878388,-122.1564883145182,False,1,-64.0,-96.0,True,2026-04-14 12:35:04-07:00
2026-04-14,12:35:59,37.42636959709557,-122.1571940343263,False,1,-85.0,-99.0,True,2026-04-14 12:35:59-07:00
2026-04-14,12:35:59,37.42636959709557,-122.1571940343263,False,1,-86.0,-99.0,True,2026-04-14 12:35:59-07:00
2026-04-14,12:35:59,37.42636959709557,-122.1571940343263,False,1,-86.0,-99.0,True,2026-04-14 12:35:59-07:00
2026-04-14,12:36:53,37.4262498309621,-122.1576236029078,False,1,-73.0,-99.0,True,2026-04-14 12:36:53-07:00
2026-04-14,12:36:53,37.4262498309621,-122.1576236029078,False,1,-76.0,-99.0,True,2026-04-14 12:36:53-07:00
2026-04-14,12:36:53,37.4262498309621,-122.1576236029078,False,1,-78.0,-99.0,True,2026-04-14 12:36:53-07:00
2026-04-14,12:37:22,37.42645081769223,-122.1577642424654,False,1,-88.0,-99.0,True,2026-04-14 12:37:22-07:00
2026-04-14,12:37:22,37.42645081769223,-122.1577642424654,False,1,-88.0,-99.0,True,2026-04-14 12:37:22-07:00
2026-04-14,12:37:22,37.42645081769223,-122.1577642424654,False,1,-89.0,-99.0,True,2026-04-14 12:37:22-07:00
2026-04-14,12:37:58,37.42635387436106,-122.1578251599372,False,1,-90.0,-95.0,True,2026-04-14 12:37:58-07:00
2026-04-14,12:37:58,37.42635387436106,-122.1578251599372,False,1,-89.0,-95.0,True,2026-04-14 12:37:58-07:00
2026-04-14,12:37:58,37.42635387436106,-122.1578251599372,False,1,-89.0,-95.0,True,2026-04-14 12:37:58-07:00
2026-04-14,12:38:37,37.42655519399552,-122.1585697029924,False,1,-86.0,-92.0,True,2026-04-14 12:38:37-07:00
2026-04-14,12:38:37,37.42655519399552,-122.1585697029924,False,1,null,null,False,2026-04-14 12:38:37-07:00
2026-04-14,12:38:37,37.42655519399552,-122.1585697029924,False,1,null,null,False,2026-04-14 12:38:37-07:00
2026-04-14,12:41:21,37.42681369188933,-122.1598144156133,False,1,null,null,False,2026-04-14 12:41:21-07:00
2026-04-14,12:41:21,37.42681369188933,-122.1598144156133,False,1,null,null,False,2026-04-14 12:41:21-07:00
2026-04-14,12:41:21,37.42681369188933,-122.1598144156133,False,1,null,null,False,2026-04-14 12:41:21-07:00
2026-04-14,12:42:24,37.4268559260593,-122.1606269285049,False,1,null,null,False,2026-04-14 12:42:24-07:00
2026-04-14,12:42:24,37.4268559260593,-122.1606269285049,False,1,null,null,False,2026-04-14 12:42:24-07:00
2026-04-14,12:42:24,37.4268559260593,-122.1606269285049,False,1,null,null,False,2026-04-14 12:42:24-07:00
2026-04-14,12:43:09,37.42675941193377,-122.1610068085167,False,1,null,null,False,2026-04-14 12:43:09-07:00
2026-04-14,12:43:09,37.42675941193377,-122.1610068085167,False,1,null,null,False,2026-04-14 12:43:09-07:00
2026-04-14,12:43:09,37.42675941193377,-122.1610068085167,False,1,null,null,False,2026-04-14 12:43:09-07:00
2026-04-14,12:43:37,37.42672619382918,-122.1612295930273,False,1,-83.0,-92.0,True,2026-04-14 12:43:37-07:00
2026-04-14,12:43:37,37.42672619382918,-122.1612295930273,False,1,-83.0,-92.0,True,2026-04-14 12:43:37-07:00
2026-04-14,12:43:37,37.42672619382918,-122.1612295930273,False,1,-84.0,-96.0,True,2026-04-14 12:43:37-07:00
2026-04-14,12:44:03,37.42685066423873,-122.1613621184356,False,1,-83.0,-97.0,True,2026-04-14 12:44:03-07:00
2026-04-14,12:44:03,37.42685066423873,-122.1613621184356,False,1,-82.0,-97.0,True,2026-04-14 12:44:03-07:00
2026-04-14,12:44:03,37.42685066423873,-122.1613621184356,False,1,-84.0,-97.0,True,2026-04-14 12:44:03-07:00
2026-04-14,12:44:37,37.42691657696287,-122.1617454724394,False,1,null,null,False,2026-04-14 12:44:37-07:00
2026-04-14,12:44:37,37.42691657696287,-122.1617454724394,False,1,-79.0,-92.0,True,2026-04-14 12:44:37-07:00
2026-04-14,12:44:37,37.42691657696287,-122.1617454724394,False,1,-82.0,-92.0,True,2026-04-14 12:44:37-07:00
2026-04-14,12:45:09,37.42688336106945,-122.1620706179949,False,1,-87.0,-95.0,True,2026-04-14 12:45:09-07:00
2026-04-14,12:45:09,37.42688336106945,-122.1620706179949,False,1,-86.0,-95.0,True,2026-04-14 12:45:09-07:00
2026-04-14,12:45:09,37.42688336106945,-122.1620706179949,False,1,-86.0,-95.0,True,2026-04-14 12:45:09-07:00
2026-04-14,12:45:25,37.427032,-122.161963,False,1,-79.0,-96.0,True,2026-04-14 12:45:25-07:00
2026-04-14,12:45:25,37.427032,-122.161963,False,1,-81.0,-96.0,True,2026-04-14 12:45:25-07:00
2026-04-14,12:45:25,37.427032,-122.161963,False,1,-80.0,-96.0,True,2026-04-14 12:45:25-07:00
2026-04-14,12:45:39,37.42698964472002,-122.1623214794348,False,1,-84.0,-94.0,True,2026-04-14 12:45:39-07:00
2026-04-14,12:45:39,37.42698964472002,-122.1623214794348,False,1,-82.0,-94.0,True,2026-04-14 12:45:39-07:00
2026-04-14,12:45:39,37.42698964472002,-122.1623214794348,False,1,-87.0,-94.0,True,2026-04-14 12:45:39-07:00
2026-04-14,12:45:51,37.42706760785597,-122.1624676919042,False,1,-80.0,-95.0,True,2026-04-14 12:45:51-07:00
2026-04-14,12:45:51,37.42706760785597,-122.1624676919042,False,1,-80.0,-95.0,True,2026-04-14 12:45:51-07:00
2026-04-14,12:45:51,37.42706760785597,-122.1624676919042,False,1,-81.0,-95.0,True,2026-04-14 12:45:51-07:00
2026-04-14,12:46:20,37.42711409405827,-122.1626086161826,False,1,-83.0,-96.0,True,2026-04-14 12:46:20-07:00
2026-04-14,12:46:20,37.42711409405827,-122.1626086161826,False,1,-84.0,-96.0,True,2026-04-14 12:46:20-07:00
2026-04-14,12:46:20,37.42711409405827,-122.1626086161826,False,1,-84.0,-96.0,True,2026-04-14 12:46:20-07:00
2026-04-14,12:46:28,37.42711409405827,-122.1626086161826,False,1,-83.0,-95.0,True,2026-04-14 12:46:28-07:00
2026-04-14,12:46:28,37.42711409405827,-122.1626086161826,False,1,-82.0,-95.0,True,2026-04-14 12:46:28-07:00
2026-04-14,12:46:28,37.42711409405827,-122.1626086161826,False,1,-81.0,-95.0,True,2026-04-14 12:46:28-07:00
2026-04-14,12:46:42,37.42717805943959,-122.1627047651864,False,1,null,null,False,2026-04-14 12:46:42-07:00
2026-04-14,12:46:42,37.42717805943959,-122.1627047651864,False,1,null,null,False,2026-04-14 12:46:42-07:00
2026-04-14,12:46:42,37.42717805943959,-122.1627047651864,False,1,null,null,False,2026-04-14 12:46:42-07:00
2026-04-14,12:47:31,37.42731759975649,-122.163234236422,False,1,null,null,False,2026-04-14 12:47:31-07:00
2026-04-14,12:47:31,37.42731759975649,-122.163234236422,False,1,null,null,False,2026-04-14 12:47:31-07:00
2026-04-14,12:47:31,37.42731759975649,-122.163234236422,False,1,null,null,False,2026-04-14 12:47:31-07:00
2026-04-14,12:47:50,37.42737931964887,-122.1632731690545,False,1,-91.0,-92.0,True,2026-04-14 12:47:50-07:00
2026-04-14,12:47:50,37.42737931964887,-122.1632731690545,False,1,-91.0,-96.0,True,2026-04-14 12:47:50-07:00
2026-04-14,12:47:50,37.42737931964887,-122.1632731690545,False,1,-89.0,-96.0,True,2026-04-14 12:47:50-07:00
2026-04-14,12:48:29,37.42751404238579,-122.1632926552923,False,1,-91.0,-96.0,True,2026-04-14 12:48:29-07:00
2026-04-14,12:48:29,37.42751404238579,-122.1632926552923,False,1,-91.0,-96.0,True,2026-04-14 12:48:29-07:00
2026-04-14,12:48:29,37.42751404238579,-122.1632926552923,False,1,-91.0,-96.0,True,2026-04-14 12:48:29-07:00
2026-04-14,12:48:56,37.42762312338576,-122.1639510707904,False,1,-73.0,-92.0,True,2026-04-14 12:48:56-07:00
2026-04-14,12:48:56,37.42762312338576,-122.1639510707904,False,1,-74.0,-92.0,True,2026-04-14 12:48:56-07:00
2026-04-14,12:48:56,37.42762312338576,-122.1639510707904,False,1,-75.0,-92.0,True,2026-04-14 12:48:56-07:00
2026-04-14,12:49:13,37.42769404532698,-122.1640544750095,False,1,-74.0,-96.0,True,2026-04-14 12:49:13-07:00
2026-04-14,12:49:13,37.42769404532698,-122.1640544750095,False,1,-73.0,-96.0,True,2026-04-14 12:49:13-07:00
2026-04-14,12:49:13,37.42769404532698,-122.1640544750095,False,1,-73.0,-96.0,True,2026-04-14 12:49:13-07:00
2026-04-14,12:49:24,37.42771594182527,-122.164122061293,False,1,-78.0,-96.0,True,2026-04-14 12:49:24-07:00
2026-04-14,12:49:24,37.42771594182527,-122.164122061293,False,1,-80.0,-96.0,True,2026-04-14 12:49:24-07:00
2026-04-14,12:49:24,37.42771594182527,-122.164122061293,False,1,-78.0,-96.0,True,2026-04-14 12:49:24-07:00
2026-04-14,12:49:36,37.42777657434335,-122.164262026819,False,1,-87.0,-96.0,True,2026-04-14 12:49:36-07:00
2026-04-14,12:49:36,37.42777657434335,-122.164262026819,False,1,-87.0,-96.0,True,2026-04-14 12:49:36-07:00
2026-04-14,12:49:36,37.42777657434335,-122.164262026819,False,1,-88.0,-96.0,True,2026-04-14 12:49:36-07:00
2026-04-14,12:49:43,37.42778382893407,-122.1642857808083,False,1,-85.0,-96.0,True,2026-04-14 12:49:43-07:00
2026-04-14,12:49:43,37.42778382893407,-122.1642857808083,False,1,-86.0,-96.0,True,2026-04-14 12:49:43-07:00
2026-04-14,12:49:43,37.42778382893407,-122.1642857808083,False,1,-88.0,-96.0,True,2026-04-14 12:49:43-07:00
2026-04-14,12:49:50,37.42779122450961,-122.1643265401499,False,1,-89.0,-95.0,True,2026-04-14 12:49:50-07:00
2026-04-14,12:49:50,37.42779122450961,-122.1643265401499,False,1,-90.0,-95.0,True,2026-04-14 12:49:50-07:00
2026-04-14,12:49:50,37.42779122450961,-122.1643265401499,False,1,-90.0,-95.0,True,2026-04-14 12:49:50-07:00
2026-04-14,12:49:58,37.42783058408739,-122.1644344640884,False,1,-85.0,-96.0,True,2026-04-14 12:49:58-07:00
2026-04-14,12:49:58,37.42783058408739,-122.1644344640884,False,1,-83.0,-96.0,True,2026-04-14 12:49:58-07:00
2026-04-14,12:49:58,37.42783058408739,-122.1644344640884,False,1,-84.0,-96.0,True,2026-04-14 12:49:58-07:00
2026-04-14,12:50:11,37.42789986081182,-122.1648389474695,False,1,-87.0,-96.0,True,2026-04-14 12:50:11-07:00
2026-04-14,12:50:11,37.42789986081182,-122.1648389474695,False,1,-88.0,-96.0,True,2026-04-14 12:50:11-07:00
2026-04-14,12:50:11,37.42789986081182,-122.1648389474695,False,1,-84.0,-96.0,True,2026-04-14 12:50:11-07:00
2026-04-14,12:50:22,37.42789677244838,-122.1648640529468,False,1,null,null,False,2026-04-14 12:50:22-07:00
2026-04-14,12:50:22,37.42789677244838,-122.1648640529468,False,1,null,null,False,2026-04-14 12:50:22-07:00
2026-04-14,12:50:22,37.42789677244838,-122.1648640529468,False,1,null,null,False,2026-04-14 12:50:22-07:00
2026-04-14,12:50:50,37.42790696030177,-122.1653957236705,False,1,-80.0,-96.0,True,2026-04-14 12:50:50-07:00
2026-04-14,12:50:50,37.42790696030177,-122.1653957236705,False,1,-80.0,-96.0,True,2026-04-14 12:50:50-07:00
2026-04-14,12:50:50,37.42790696030177,-122.1653957236705,False,1,-80.0,-96.0,True,2026-04-14 12:50:50-07:00
2026-04-14,12:51:10,37.42802175037352,-122.1655624159024,False,1,-83.0,-96.0,True,2026-04-14 12:51:10-07:00
2026-04-14,12:51:10,37.42802175037352,-122.1655624159024,False,1,-82.0,-96.0,True,2026-04-14 12:51:10-07:00
2026-04-14,12:51:10,37.42802175037352,-122.1655624159024,False,1,-84.0,-96.0,True,2026-04-14 12:51:10-07:00
2026-04-14,12:51:23,37.4280310102327,-122.1655918258059,False,1,-82.0,-96.0,True,2026-04-14 12:51:23-07:00
2026-04-14,12:51:23,37.4280310102327,-122.1655918258059,False,1,-87.0,-96.0,True,2026-04-14 12:51:23-07:00
2026-04-14,12:51:23,37.4280310102327,-122.1655918258059,False,1,-87.0,-96.0,True,2026-04-14 12:51:23-07:00
2026-04-14,12:51:40,37.42810743122581,-122.1659127106527,False,1,-86.0,-98.0,True,2026-04-14 12:51:40-07:00
2026-04-14,12:51:40,37.42810743122581,-122.1659127106527,False,1,-85.0,-98.0,True,2026-04-14 12:51:40-07:00
2026-04-14,12:51:40,37.42810743122581,-122.1659127106527,False,1,-87.0,-98.0,True,2026-04-14 12:51:40-07:00
2026-04-14,12:51:48,37.42810743122581,-122.1659127106527,False,1,-86.0,-98.0,True,2026-04-14 12:51:48-07:00
2026-04-14,12:51:48,37.42810743122581,-122.1659127106527,False,1,-87.0,-98.0,True,2026-04-14 12:51:48-07:00
2026-04-14,12:51:48,37.42810743122581,-122.1659127106527,False,1,-81.0,-98.0,True,2026-04-14 12:51:48-07:00
2026-04-14,12:52:02,37.42813660724897,-122.1661658926653,False,1,-89.0,-98.0,True,2026-04-14 12:52:02-07:00
2026-04-14,12:52:02,37.42813660724897,-122.1661658926653,False,1,-88.0,-98.0,True,2026-04-14 12:52:02-07:00
2026-04-14,12:52:02,37.42813660724897,-122.1661658926653,False,1,-90.0,-98.0,True,2026-04-14 12:52:02-07:00
2026-04-14,12:52:16,37.42825187489282,-122.1664126008187,False,1,-87.0,-95.0,True,2026-04-14 12:52:16-07:00
2026-04-14,12:52:16,37.42825187489282,-122.1664126008187,False,1,-86.0,-95.0,True,2026-04-14 12:52:16-07:00
2026-04-14,12:52:16,37.42825187489282,-122.1664126008187,False,1,-85.0,-95.0,True,2026-04-14 12:52:16-07:00
2026-04-14,12:52:33,37.42825187489282,-122.1664126008187,False,1,-84.0,-97.0,True,2026-04-14 12:52:33-07:00
2026-04-14,12:52:33,37.42825187489282,-122.1664126008187,False,1,-87.0,-97.0,True,2026-04-14 12:52:33-07:00
2026-04-14,12:52:33,37.42825187489282,-122.1664126008187,False,1,-81.0,-97.0,True,2026-04-14 12:52:33-07:00
2026-04-14,12:52:44,37.42810989330334,-122.166686915967,False,1,-82.0,-97.0,True,2026-04-14 12:52:44-07:00
2026-04-14,12:52:44,37.42810989330334,-122.166686915967,False,1,-83.0,-97.0,True,2026-04-14 12:52:44-07:00
2026-04-14,12:52:44,37.42810989330334,-122.166686915967,False,1,-83.0,-97.0,True,2026-04-14 12:52:44-07:00
2026-04-14,12:52:50,37.42810989330334,-122.166686915967,False,1,-76.0,-97.0,True,2026-04-14 12:52:50-07:00
2026-04-14,12:52:50,37.42810989330334,-122.166686915967,False,1,-79.0,-97.0,True,2026-04-14 12:52:50-07:00
2026-04-14,12:52:50,37.42810989330334,-122.166686915967,False,1,-79.0,-97.0,True,2026-04-14 12:52:50-07:00
2026-04-14,12:53:00,37.42825185920356,-122.1668864894779,False,1,-87.0,-97.0,True,2026-04-14 12:53:00-07:00
2026-04-14,12:53:00,37.42825185920356,-122.1668864894779,False,1,-90.0,-97.0,True,2026-04-14 12:53:00-07:00
2026-04-14,12:53:00,37.42825185920356,-122.1668864894779,False,1,-85.0,-97.0,True,2026-04-14 12:53:00-07:00
2026-04-14,12:53:11,37.42825185920356,-122.1668864894779,False,1,-80.0,-94.0,True,2026-04-14 12:53:11-07:00
2026-04-14,12:53:11,37.42825185920356,-122.1668864894779,False,1,-76.0,-94.0,True,2026-04-14 12:53:11-07:00
2026-04-14,12:53:11,37.42825185920356,-122.1668864894779,False,1,-83.0,-94.0,True,2026-04-14 12:53:11-07:00
2026-04-14,12:53:23,37.4284093547961,-122.1671021451449,False,1,-79.0,-94.0,True,2026-04-14 12:53:23-07:00
2026-04-14,12:53:23,37.4284093547961,-122.1671021451449,False,1,-82.0,-94.0,True,2026-04-14 12:53:23-07:00
2026-04-14,12:53:23,37.4284093547961,-122.1671021451449,False,1,-82.0,-94.0,True,2026-04-14 12:53:23-07:00
2026-04-14,12:53:29,37.4284093547961,-122.1671021451449,False,1,-86.0,-92.0,True,2026-04-14 12:53:29-07:00
2026-04-14,12:53:29,37.4284093547961,-122.1671021451449,False,1,-89.0,-95.0,True,2026-04-14 12:53:29-07:00
2026-04-14,12:53:29,37.4284093547961,-122.1671021451449,False,1,-88.0,-95.0,True,2026-04-14 12:53:29-07:00
2026-04-14,12:53:39,37.42841895207523,-122.1673426219469,False,1,-89.0,-97.0,True,2026-04-14 12:53:39-07:00
2026-04-14,12:53:39,37.42841895207523,-122.1673426219469,False,1,-90.0,-97.0,True,2026-04-14 12:53:39-07:00
2026-04-14,12:53:39,37.42841895207523,-122.1673426219469,False,1,-90.0,-97.0,True,2026-04-14 12:53:39-07:00
2026-04-14,12:53:49,37.42843763421166,-122.167443737156,False,1,-87.0,-97.0,True,2026-04-14 12:53:49-07:00
2026-04-14,12:53:49,37.42843763421166,-122.167443737156,False,1,-87.0,-97.0,True,2026-04-14 12:53:49-07:00
2026-04-14,12:53:49,37.42843763421166,-122.167443737156,False,1,-87.0,-97.0,True,2026-04-14 12:53:49-07:00
2026-04-14,12:54:01,37.4285122377383,-122.1675808854911,False,1,-88.0,-97.0,True,2026-04-14 12:54:01-07:00
2026-04-14,12:54:01,37.4285122377383,-122.1675808854911,False,1,-89.0,-97.0,True,2026-04-14 12:54:01-07:00
2026-04-14,12:54:01,37.4285122377383,-122.1675808854911,False,1,-86.0,-97.0,True,2026-04-14 12:54:01-07:00
2026-04-14,12:54:07,37.42851359471882,-122.1675879443728,False,1,-85.0,-97.0,True,2026-04-14 12:54:07-07:00
2026-04-14,12:54:07,37.42851359471882,-122.1675879443728,False,1,-87.0,-97.0,True,2026-04-14 12:54:07-07:00
2026-04-14,12:54:07,37.42851359471882,-122.1675879443728,False,1,-87.0,-97.0,True,2026-04-14 12:54:07-07:00
2026-04-14,12:54:16,37.42846691921973,-122.167769900065,False,1,-89.0,-97.0,True,2026-04-14 12:54:16-07:00
2026-04-14,12:54:16,37.42846691921973,-122.167769900065,False,1,-89.0,-97.0,True,2026-04-14 12:54:16-07:00
2026-04-14,12:54:16,37.42846691921973,-122.167769900065,False,1,-90.0,-97.0,True,2026-04-14 12:54:16-07:00
2026-04-14,12:54:30,37.42846691921973,-122.167769900065,False,1,-91.0,-97.0,True,2026-04-14 12:54:30-07:00
2026-04-14,12:54:30,37.42846691921973,-122.167769900065,False,1,-91.0,-97.0,True,2026-04-14 12:54:30-07:00
2026-04-14,12:54:30,37.42846691921973,-122.167769900065,False,1,-90.0,-97.0,True,2026-04-14 12:54:30-07:00
2026-04-14,12:54:30,37.42846691921973,-122.167769900065,False,1,-91.0,-97.0,True,2026-04-14 12:54:30-07:00
2026-04-14,12:54:30,37.42846691921973,-122.167769900065,False,1,-91.0,-97.0,True,2026-04-14 12:54:30-07:00
2026-04-14,12:54:30,37.42846691921973,-122.167769900065,False,1,-91.0,-97.0,True,2026-04-14 12:54:30-07:00
2026-04-14,12:54:57,37.42858986951078,-122.1682851741828,False,1,-78.0,-97.0,True,2026-04-14 12:54:57-07:00
2026-04-14,12:54:57,37.42858986951078,-122.1682851741828,False,1,-79.0,-97.0,True,2026-04-14 12:54:57-07:00
2026-04-14,12:54:57,37.42858986951078,-122.1682851741828,False,1,-80.0,-97.0,True,2026-04-14 12:54:57-07:00
2026-04-14,12:55:18,37.4286640555686,-122.1684446466712,False,1,-88.0,-97.0,True,2026-04-14 12:55:18-07:00
2026-04-14,12:55:18,37.4286640555686,-122.1684446466712,False,1,-89.0,-97.0,True,2026-04-14 12:55:18-07:00
2026-04-14,12:55:18,37.4286640555686,-122.1684446466712,False,1,-88.0,-97.0,True,2026-04-14 12:55:18-07:00
2026-04-14,12:55:24,37.42867098826254,-122.1684937582354,False,1,-90.0,-98.0,True,2026-04-14 12:55:24-07:00
2026-04-14,12:55:24,37.42867098826254,-122.1684937582354,False,1,null,null,False,2026-04-14 12:55:24-07:00
2026-04-14,12:55:24,37.42867098826254,-122.1684937582354,False,1,-85.0,-95.0,True,2026-04-14 12:55:24-07:00
2026-04-14,12:55:32,37.42867098826254,-122.1684937582354,False,1,-89.0,-95.0,True,2026-04-14 12:55:32-07:00
2026-04-14,12:55:32,37.42867098826254,-122.1684937582354,False,1,-90.0,-95.0,True,2026-04-14 12:55:32-07:00
2026-04-14,12:55:32,37.42867098826254,-122.1684937582354,False,1,-91.0,-95.0,True,2026-04-14 12:55:32-07:00
2026-04-14,12:55:41,37.42873561623387,-122.1687012200622,False,1,null,null,False,2026-04-14 12:55:41-07:00
2026-04-14,12:55:41,37.42873561623387,-122.1687012200622,False,1,null,null,False,2026-04-14 12:55:41-07:00
2026-04-14,12:55:41,37.42873561623387,-122.1687012200622,False,1,null,null,False,2026-04-14 12:55:41-07:00
2026-04-14,12:55:46,37.42874115243315,-122.1687778552269,False,1,-89.0,-97.0,True,2026-04-14 12:55:46-07:00
2026-04-14,12:55:46,37.42874115243315,-122.1687778552269,False,1,-87.0,-97.0,True,2026-04-14 12:55:46-07:00
2026-04-14,12:55:46,37.42874115243315,-122.1687778552269,False,1,-88.0,-97.0,True,2026-04-14 12:55:46-07:00
2026-04-14,12:55:51,37.42875548548757,-122.1688449942713,False,1,-86.0,-98.0,True,2026-04-14 12:55:51-07:00
2026-04-14,12:55:51,37.42875548548757,-122.1688449942713,False,1,-87.0,-98.0,True,2026-04-14 12:55:51-07:00
2026-04-14,12:55:51,37.42875548548757,-122.1688449942713,False,1,-88.0,-98.0,True,2026-04-14 12:55:51-07:00
2026-04-14,12:55:58,37.42876908918122,-122.1689225834014,False,1,-88.0,-98.0,True,2026-04-14 12:55:58-07:00
2026-04-14,12:55:58,37.42876908918122,-122.1689225834014,False,1,null,null,False,2026-04-14 12:55:58-07:00
2026-04-14,12:55:58,37.42876908918122,-122.1689225834014,False,1,-82.0,-98.0,True,2026-04-14 12:55:58-07:00
2026-04-14,12:56:17,37.42879161149024,-122.1691381932443,False,1,-84.0,-98.0,True,2026-04-14 12:56:17-07:00
2026-04-14,12:56:17,37.42879161149024,-122.1691381932443,False,1,null,null,False,2026-04-14 12:56:17-07:00
2026-04-14,12:56:17,37.42879161149024,-122.1691381932443,False,1,null,null,False,2026-04-14 12:56:17-07:00
2026-04-14,12:56:26,37.42881721820443,-122.1692411230152,False,1,-80.0,-98.0,True,2026-04-14 12:56:26-07:00
2026-04-14,12:56:26,37.42881721820443,-122.1692411230152,False,1,-78.0,-98.0,True,2026-04-14 12:56:26-07:00
2026-04-14,12:56:26,37.42881721820443,-122.1692411230152,False,1,-79.0,-98.0,True,2026-04-14 12:56:26-07:00
2026-04-14,12:56:34,37.42881721820443,-122.1692411230152,False,1,-84.0,-98.0,True,2026-04-14 12:56:34-07:00
2026-04-14,12:56:34,37.42881721820443,-122.1692411230152,False,1,-81.0,-98.0,True,2026-04-14 12:56:34-07:00
2026-04-14,12:56:34,37.42881721820443,-122.1692411230152,False,1,-81.0,-98.0,True,2026-04-14 12:56:34-07:00
2026-04-14,12:56:34,37.42881721820443,-122.1692411230152,False,1,null,null,False,2026-04-14 12:56:34-07:00
2026-04-14,12:56:34,37.42881721820443,-122.1692411230152,False,1,null,null,False,2026-04-14 12:56:34-07:00
2026-04-14,12:56:34,37.42881721820443,-122.1692411230152,False,1,null,null,False,2026-04-14 12:56:34-07:00
2026-04-14,12:56:56,37.42887266423503,-122.1695417253998,False,1,-78.0,-97.0,True,2026-04-14 12:56:56-07:00
2026-04-14,12:56:56,37.42887266423503,-122.1695417253998,False,1,-80.0,-97.0,True,2026-04-14 12:56:56-07:00
2026-04-14,12:56:56,37.42887266423503,-122.1695417253998,False,1,-82.0,-97.0,True,2026-04-14 12:56:56-07:00
2026-04-14,12:57:05,37.42887553936093,-122.1695799252774,False,1,-83.0,-97.0,True,2026-04-14 12:57:05-07:00
2026-04-14,12:57:05,37.42887553936093,-122.1695799252774,False,1,-82.0,-97.0,True,2026-04-14 12:57:05-07:00
2026-04-14,12:57:05,37.42887553936093,-122.1695799252774,False,1,-85.0,-97.0,True,2026-04-14 12:57:05-07:00
2026-04-14,12:57:19,37.42898746371426,-122.1699230603401,False,1,null,null,False,2026-04-14 12:57:19-07:00
2026-04-14,12:57:19,37.42898746371426,-122.1699230603401,False,1,null,null,False,2026-04-14 12:57:19-07:00
2026-04-14,12:57:19,37.42898746371426,-122.1699230603401,False,1,null,null,False,2026-04-14 12:57:19-07:00
2026-04-14,12:57:33,37.4289928690618,-122.1699855981909,False,1,-85.0,-92.0,True,2026-04-14 12:57:33-07:00
2026-04-14,12:57:33,37.4289928690618,-122.1699855981909,False,1,-86.0,-95.0,True,2026-04-14 12:57:33-07:00
2026-04-14,12:57:33,37.4289928690618,-122.1699855981909,False,1,-88.0,-95.0,True,2026-04-14 12:57:33-07:00
2026-04-14,12:57:43,37.42901085494695,-122.1700954678671,False,1,-81.0,-95.0,True,2026-04-14 12:57:43-07:00
2026-04-14,12:57:43,37.42901085494695,-122.1700954678671,False,1,-84.0,-95.0,True,2026-04-14 12:57:43-07:00
2026-04-14,12:57:43,37.42901085494695,-122.1700954678671,False,1,-81.0,-95.0,True,2026-04-14 12:57:43-07:00
2026-04-14,12:57:54,37.42907013182366,-122.1703142239086,False,1,-81.0,-97.0,True,2026-04-14 12:57:54-07:00
2026-04-14,12:57:54,37.42907013182366,-122.1703142239086,False,1,-82.0,-97.0,True,2026-04-14 12:57:54-07:00
2026-04-14,12:57:54,37.42907013182366,-122.1703142239086,False,1,-81.0,-97.0,True,2026-04-14 12:57:54-07:00
2026-04-14,12:58:02,37.4290757832883,-122.1703981391853,False,1,null,null,False,2026-04-14 12:58:02-07:00
2026-04-14,12:58:02,37.4290757832883,-122.1703981391853,False,1,null,null,False,2026-04-14 12:58:02-07:00
2026-04-14,12:58:02,37.4290757832883,-122.1703981391853,False,1,null,null,False,2026-04-14 12:58:02-07:00
2026-04-14,12:58:37,37.42930850475413,-122.1703876834548,False,1,-73.0,-95.0,True,2026-04-14 12:58:37-07:00
2026-04-14,12:58:37,37.42930850475413,-122.1703876834548,False,1,-73.0,-95.0,True,2026-04-14 12:58:37-07:00
2026-04-14,12:58:37,37.42930850475413,-122.1703876834548,False,1,-80.0,-95.0,True,2026-04-14 12:58:37-07:00
2026-04-14,12:58:55,37.42939772283365,-122.1705313265885,False,1,-84.0,-95.0,True,2026-04-14 12:58:55-07:00
2026-04-14,12:58:55,37.42939772283365,-122.1705313265885,False,1,-83.0,-95.0,True,2026-04-14 12:58:55-07:00
2026-04-14,12:58:55,37.42939772283365,-122.1705313265885,False,1,-82.0,-95.0,True,2026-04-14 12:58:55-07:00
2026-04-14,12:59:00,37.42920574569434,-122.1710296405062,False,1,null,null,False,2026-04-14 12:59:00-07:00
2026-04-14,12:59:00,37.42920574569434,-122.1710296405062,False,1,-69.0,-95.0,True,2026-04-14 12:59:00-07:00
2026-04-14,12:59:00,37.42920574569434,-122.1710296405062,False,1,-72.0,-97.0,True,2026-04-14 12:59:00-07:00
2026-04-14,12:59:07,37.42921145368899,-122.1710438895282,False,1,-73.0,-97.0,True,2026-04-14 12:59:07-07:00
2026-04-14,12:59:07,37.42921145368899,-122.1710438895282,False,1,-74.0,-97.0,True,2026-04-14 12:59:07-07:00
2026-04-14,12:59:07,37.42921145368899,-122.1710438895282,False,1,-78.0,-97.0,True,2026-04-14 12:59:07-07:00
2026-04-14,12:59:16,37.42923012976863,-122.1711962260099,False,1,-87.0,-97.0,True,2026-04-14 12:59:16-07:00
2026-04-14,12:59:16,37.42923012976863,-122.1711962260099,False,1,-86.0,-97.0,True,2026-04-14 12:59:16-07:00
2026-04-14,12:59:16,37.42923012976863,-122.1711962260099,False,1,-85.0,-97.0,True,2026-04-14 12:59:16-07:00
2026-04-14,12:59:24,37.42922625357729,-122.1712390521791,False,1,-85.0,-97.0,True,2026-04-14 12:59:24-07:00
2026-04-14,12:59:24,37.42922625357729,-122.1712390521791,False,1,-86.0,-97.0,True,2026-04-14 12:59:24-07:00
2026-04-14,12:59:24,37.42922625357729,-122.1712390521791,False,1,-85.0,-97.0,True,2026-04-14 12:59:24-07:00
2026-04-14,12:59:51,37.42910141854763,-122.171365163148,False,1,-79.0,-99.0,True,2026-04-14 12:59:51-07:00
2026-04-14,12:59:51,37.42910141854763,-122.171365163148,False,1,-75.0,-99.0,True,2026-04-14 12:59:51-07:00
2026-04-14,12:59:51,37.42910141854763,-122.171365163148,False,1,-78.0,-99.0,True,2026-04-14 12:59:51-07:00
2026-04-14,12:59:58,37.42910141854763,-122.171365163148,False,1,-80.0,-99.0,True,2026-04-14 12:59:58-07:00
2026-04-14,12:59:58,37.42910141854763,-122.171365163148,False,1,-77.0,-99.0,True,2026-04-14 12:59:58-07:00
2026-04-14,12:59:58,37.42910141854763,-122.171365163148,False,1,-76.0,-99.0,True,2026-04-14 12:59:58-07:00
2026-04-14,13:00:04,37.42906434619281,-122.1713898741846,False,1,-84.0,-99.0,True,2026-04-14 13:00:04-07:00
2026-04-14,13:00:04,37.42906434619281,-122.1713898741846,False,1,-86.0,-99.0,True,2026-04-14 13:00:04-07:00
2026-04-14,13:00:04,37.42906434619281,-122.1713898741846,False,1,-85.0,-99.0,True,2026-04-14 13:00:04-07:00
2026-04-14,13:00:18,37.42913381083532,-122.1714248021685,False,1,-82.0,-94.0,True,2026-04-14 13:00:18-07:00
2026-04-14,13:00:18,37.42913381083532,-122.1714248021685,False,1,-81.0,-94.0,True,2026-04-14 13:00:18-07:00
2026-04-14,13:00:18,37.42913381083532,-122.1714248021685,False,1,-74.0,-94.0,True,2026-04-14 13:00:18-07:00
2026-04-14,13:00:32,37.42896820203613,-122.1717564332576,False,1,-78.0,-94.0,True,2026-04-14 13:00:32-07:00
2026-04-14,13:00:32,37.42896820203613,-122.1717564332576,False,1,-79.0,-94.0,True,2026-04-14 13:00:32-07:00
2026-04-14,13:00:32,37.42896820203613,-122.1717564332576,False,1,-82.0,-94.0,True,2026-04-14 13:00:32-07:00
2026-04-14,13:00:46,37.42897335282748,-122.1718165995965,False,1,-81.0,-98.0,True,2026-04-14 13:00:46-07:00
2026-04-14,13:00:46,37.42897335282748,-122.1718165995965,False,1,-81.0,-98.0,True,2026-04-14 13:00:46-07:00
2026-04-14,13:00:46,37.42897335282748,-122.1718165995965,False,1,-78.0,-98.0,True,2026-04-14 13:00:46-07:00
2026-04-14,18:08:15,37.42815883840399,-122.17220947032,False,1,-66.0,-95.0,True,2026-04-14 18:08:15-07:00
2026-04-14,18:08:15,37.42815883840399,-122.17220947032,False,1,-67.0,-95.0,True,2026-04-14 18:08:15-07:00
2026-04-14,18:08:15,37.42815883840399,-122.17220947032,False,1,-64.0,-96.0,True,2026-04-14 18:08:15-07:00
2026-04-14,18:08:38,37.42797816334974,-122.1718703180204,False,1,-54.0,-98.0,True,2026-04-14 18:08:38-07:00
2026-04-14,18:08:38,37.42797816334974,-122.1718703180204,False,1,-49.0,-98.0,True,2026-04-14 18:08:38-07:00
2026-04-14,18:08:38,37.42797816334974,-122.1718703180204,False,1,-58.0,-98.0,True,2026-04-14 18:08:38-07:00
2026-04-14,18:08:47,37.42797816334974,-122.1718703180204,False,1,-65.0,-98.0,True,2026-04-14 18:08:47-07:00
2026-04-14,18:08:47,37.42797816334974,-122.1718703180204,False,1,-73.0,-98.0,True,2026-04-14 18:08:47-07:00
2026-04-14,18:08:47,37.42797816334974,-122.1718703180204,False,1,-72.0,-98.0,True,2026-04-14 18:08:47-07:00
2026-04-14,18:08:59,37.4278109429512,-122.172284992166,False,1,-79.0,-98.0,True,2026-04-14 18:08:59-07:00
2026-04-14,18:08:59,37.4278109429512,-122.172284992166,False,1,null,null,False,2026-04-14 18:08:59-07:00
2026-04-14,18:08:59,37.4278109429512,-122.172284992166,False,1,null,null,False,2026-04-14 18:08:59-07:00
2026-04-14,18:09:10,37.42772384651056,-122.1719360130748,False,1,-71.0,-96.0,True,2026-04-14 18:09:10-07:00
2026-04-14,18:09:10,37.42772384651056,-122.1719360130748,False,1,-73.0,-96.0,True,2026-04-14 18:09:10-07:00
2026-04-14,18:09:10,37.42772384651056,-122.1719360130748,False,1,-74.0,-96.0,True,2026-04-14 18:09:10-07:00
2026-04-14,18:09:24,37.42766013758242,-122.1721815798609,False,1,-75.0,-97.0,True,2026-04-14 18:09:24-07:00
2026-04-14,18:09:24,37.42766013758242,-122.1721815798609,False,1,-73.0,-97.0,True,2026-04-14 18:09:24-07:00
2026-04-14,18:09:24,37.42766013758242,-122.1721815798609,False,1,-72.0,-97.0,True,2026-04-14 18:09:24-07:00
2026-04-14,18:09:41,37.4273577020565,-122.1725257739767,False,1,-77.0,-95.0,True,2026-04-14 18:09:41-07:00
2026-04-14,18:09:41,37.4273577020565,-122.1725257739767,False,1,-78.0,-95.0,True,2026-04-14 18:09:41-07:00
2026-04-14,18:09:41,37.4273577020565,-122.1725257739767,False,1,-77.0,-97.0,True,2026-04-14 18:09:41-07:00
2026-04-14,18:09:55,37.42725922727378,-122.1724570388833,False,1,-78.0,-97.0,True,2026-04-14 18:09:55-07:00
2026-04-14,18:09:55,37.42725922727378,-122.1724570388833,False,1,-81.0,-96.0,True,2026-04-14 18:09:55-07:00
2026-04-14,18:09:55,37.42725922727378,-122.1724570388833,False,1,-78.0,-96.0,True,2026-04-14 18:09:55-07:00
2026-04-14,18:10:10,37.42705049147657,-122.1724266815573,False,1,-78.0,-96.0,True,2026-04-14 18:10:10-07:00
2026-04-14,18:10:10,37.42705049147657,-122.1724266815573,False,1,-81.0,-96.0,True,2026-04-14 18:10:10-07:00
2026-04-14,18:10:10,37.42705049147657,-122.1724266815573,False,1,-84.0,-96.0,True,2026-04-14 18:10:10-07:00
2026-04-14,18:10:18,37.42705049147657,-122.1724266815573,False,1,-79.0,-95.0,True,2026-04-14 18:10:18-07:00
2026-04-14,18:10:18,37.42705049147657,-122.1724266815573,False,1,-79.0,-95.0,True,2026-04-14 18:10:18-07:00
2026-04-14,18:10:18,37.42705049147657,-122.1724266815573,False,1,-79.0,-96.0,True,2026-04-14 18:10:18-07:00
2026-04-14,18:10:39,37.42697152424834,-122.1723944371859,False,1,-83.0,-97.0,True,2026-04-14 18:10:39-07:00
2026-04-14,18:10:39,37.42697152424834,-122.1723944371859,False,1,-83.0,-97.0,True,2026-04-14 18:10:39-07:00
2026-04-14,18:10:39,37.42697152424834,-122.1723944371859,False,1,-79.0,-97.0,True,2026-04-14 18:10:39-07:00
2026-04-14,18:10:59,37.4262769159529,-122.1723056794825,False,1,-88.0,-96.0,True,2026-04-14 18:10:59-07:00
2026-04-14,18:10:59,37.4262769159529,-122.1723056794825,False,1,-89.0,-96.0,True,2026-04-14 18:10:59-07:00
2026-04-14,18:10:59,37.4262769159529,-122.1723056794825,False,1,-88.0,-96.0,True,2026-04-14 18:10:59-07:00
2026-04-14,18:11:09,37.42628871356221,-122.1723351850673,False,1,null,null,False,2026-04-14 18:11:09-07:00
2026-04-14,18:11:09,37.42628871356221,-122.1723351850673,False,1,null,null,False,2026-04-14 18:11:09-07:00
2026-04-14,18:11:09,37.42628871356221,-122.1723351850673,False,1,null,null,False,2026-04-14 18:11:09-07:00
2026-04-14,18:11:37,37.4264246696157,-122.1722814051816,False,1,-72.0,-97.0,True,2026-04-14 18:11:37-07:00
2026-04-14,18:11:37,37.4264246696157,-122.1722814051816,False,1,-81.0,-97.0,True,2026-04-14 18:11:37-07:00
2026-04-14,18:11:37,37.4264246696157,-122.1722814051816,False,1,-83.0,-97.0,True,2026-04-14 18:11:37-07:00
2026-04-14,18:11:48,37.42630936403465,-122.1723458501645,False,1,-74.0,-96.0,True,2026-04-14 18:11:48-07:00
2026-04-14,18:11:48,37.42630936403465,-122.1723458501645,False,1,-75.0,-96.0,True,2026-04-14 18:11:48-07:00
2026-04-14,18:11:48,37.42630936403465,-122.1723458501645,False,1,-74.0,-96.0,True,2026-04-14 18:11:48-07:00
2026-04-14,18:11:57,37.42626797799594,-122.1723568344662,False,1,-83.0,-96.0,True,2026-04-14 18:11:57-07:00
2026-04-14,18:11:57,37.42626797799594,-122.1723568344662,False,1,-82.0,-98.0,True,2026-04-14 18:11:57-07:00
2026-04-14,18:11:57,37.42626797799594,-122.1723568344662,False,1,-78.0,-98.0,True,2026-04-14 18:11:57-07:00
2026-04-14,18:12:12,37.42609704809036,-122.172335020868,False,1,-75.0,-98.0,True,2026-04-14 18:12:12-07:00
2026-04-14,18:12:12,37.42609704809036,-122.172335020868,False,1,-74.0,-98.0,True,2026-04-14 18:12:12-07:00
2026-04-14,18:12:12,37.42609704809036,-122.172335020868,False,1,-75.0,-98.0,True,2026-04-14 18:12:12-07:00
2026-04-14,18:12:19,37.42607376820641,-122.1723182752987,False,1,-80.0,-97.0,True,2026-04-14 18:12:19-07:00
2026-04-14,18:12:19,37.42607376820641,-122.1723182752987,False,1,-82.0,-97.0,True,2026-04-14 18:12:19-07:00
2026-04-14,18:12:19,37.42607376820641,-122.1723182752987,False,1,-78.0,-97.0,True,2026-04-14 18:12:19-07:00
2026-04-14,18:12:33,37.42598327286275,-122.1721051874047,False,1,-78.0,-97.0,True,2026-04-14 18:12:33-07:00
2026-04-14,18:12:33,37.42598327286275,-122.1721051874047,False,1,-78.0,-97.0,True,2026-04-14 18:12:33-07:00
2026-04-14,18:12:33,37.42598327286275,-122.1721051874047,False,1,-77.0,-97.0,True,2026-04-14 18:12:33-07:00
2026-04-14,18:12:41,37.42598327286275,-122.1721051874047,False,1,-74.0,-98.0,True,2026-04-14 18:12:41-07:00
2026-04-14,18:12:41,37.42598327286275,-122.1721051874047,False,1,-79.0,-98.0,True,2026-04-14 18:12:41-07:00
2026-04-14,18:12:41,37.42598327286275,-122.1721051874047,False,1,-75.0,-98.0,True,2026-04-14 18:12:41-07:00
2026-04-14,18:12:51,37.42583857433958,-122.1720392406987,False,1,-71.0,-98.0,True,2026-04-14 18:12:51-07:00
2026-04-14,18:12:51,37.42583857433958,-122.1720392406987,False,1,-78.0,-98.0,True,2026-04-14 18:12:51-07:00
2026-04-14,18:12:51,37.42583857433958,-122.1720392406987,False,1,-78.0,-97.0,True,2026-04-14 18:12:51-07:00
2026-04-14,18:13:01,37.42579346154994,-122.1720215426153,False,1,-80.0,-96.0,True,2026-04-14 18:13:01-07:00
2026-04-14,18:13:01,37.42579346154994,-122.1720215426153,False,1,null,null,False,2026-04-14 18:13:01-07:00
2026-04-14,18:13:01,37.42579346154994,-122.1720215426153,False,1,-82.0,-98.0,True,2026-04-14 18:13:01-07:00
2026-04-14,18:13:15,37.42589646931632,-122.1718055295989,False,1,-80.0,-97.0,True,2026-04-14 18:13:15-07:00
2026-04-14,18:13:15,37.42589646931632,-122.1718055295989,False,1,-80.0,-97.0,True,2026-04-14 18:13:15-07:00
2026-04-14,18:13:15,37.42589646931632,-122.1718055295989,False,1,-81.0,-98.0,True,2026-04-14 18:13:15-07:00
2026-04-14,18:13:32,37.42585886007571,-122.1716385224978,False,1,null,null,False,2026-04-14 18:13:32-07:00
2026-04-14,18:13:32,37.42585886007571,-122.1716385224978,False,1,null,null,False,2026-04-14 18:13:32-07:00
2026-04-14,18:13:32,37.42585886007571,-122.1716385224978,False,1,null,null,False,2026-04-14 18:13:32-07:00
2026-04-14,18:13:40,37.42577571891008,-122.1715960187113,False,1,null,null,False,2026-04-14 18:13:40-07:00
2026-04-14,18:13:40,37.42577571891008,-122.1715960187113,False,1,null,null,False,2026-04-14 18:13:40-07:00
2026-04-14,18:13:40,37.42577571891008,-122.1715960187113,False,1,null,null,False,2026-04-14 18:13:40-07:00
2026-04-14,18:13:47,37.426003,-122.171715,False,1,null,null,False,2026-04-14 18:13:47-07:00
2026-04-14,18:13:47,37.426003,-122.171715,False,1,null,null,False,2026-04-14 18:13:47-07:00
2026-04-14,18:13:47,37.426003,-122.171715,False,1,null,null,False,2026-04-14 18:13:47-07:00
2026-04-14,18:14:25,37.42576989348738,-122.1711811983233,False,1,-70.0,-98.0,True,2026-04-14 18:14:25-07:00
2026-04-14,18:14:25,37.42576989348738,-122.1711811983233,False,1,-75.0,-98.0,True,2026-04-14 18:14:25-07:00
2026-04-14,18:14:25,37.42576989348738,-122.1711811983233,False,1,-73.0,-98.0,True,2026-04-14 18:14:25-07:00
2026-04-14,18:14:33,37.42576989348738,-122.1711811983233,False,1,-84.0,-97.0,True,2026-04-14 18:14:33-07:00
2026-04-14,18:14:33,37.42576989348738,-122.1711811983233,False,1,-86.0,-97.0,True,2026-04-14 18:14:33-07:00
2026-04-14,18:14:33,37.42576989348738,-122.1711811983233,False,1,-88.0,-97.0,True,2026-04-14 18:14:33-07:00
2026-04-14,18:14:44,37.42569604892044,-122.1709035896903,False,1,null,null,False,2026-04-14 18:14:44-07:00
2026-04-14,18:14:44,37.42569604892044,-122.1709035896903,False,1,null,null,False,2026-04-14 18:14:44-07:00
2026-04-14,18:14:44,37.42569604892044,-122.1709035896903,False,1,-79.0,-97.0,True,2026-04-14 18:14:44-07:00
2026-04-14,18:14:52,37.42565321739523,-122.1709125583266,False,1,-74.0,-97.0,True,2026-04-14 18:14:52-07:00
2026-04-14,18:14:52,37.42565321739523,-122.1709125583266,False,1,-74.0,-97.0,True,2026-04-14 18:14:52-07:00
2026-04-14,18:14:52,37.42565321739523,-122.1709125583266,False,1,-75.0,-97.0,True,2026-04-14 18:14:52-07:00
2026-04-14,18:15:01,37.42565321739523,-122.1709125583266,False,1,null,null,False,2026-04-14 18:15:01-07:00
2026-04-14,18:15:01,37.42565321739523,-122.1709125583266,False,1,-76.0,-96.0,True,2026-04-14 18:15:01-07:00
2026-04-14,18:15:01,37.42565321739523,-122.1709125583266,False,1,-74.0,-97.0,True,2026-04-14 18:15:01-07:00
2026-04-14,18:15:01,37.42565321739523,-122.1709125583266,False,1,null,null,False,2026-04-14 18:15:01-07:00
2026-04-14,18:15:01,37.42565321739523,-122.1709125583266,False,1,null,null,False,2026-04-14 18:15:01-07:00
2026-04-14,18:15:01,37.42565321739523,-122.1709125583266,False,1,null,null,False,2026-04-14 18:15:01-07:00
2026-04-14,18:15:22,37.42532033011077,-122.1708917712068,False,1,-76.0,-97.0,True,2026-04-14 18:15:22-07:00
2026-04-14,18:15:22,37.42532033011077,-122.1708917712068,False,1,-79.0,-97.0,True,2026-04-14 18:15:22-07:00
2026-04-14,18:15:22,37.42532033011077,-122.1708917712068,False,1,-80.0,-97.0,True,2026-04-14 18:15:22-07:00
2026-04-14,18:15:27,37.42532033011077,-122.1708917712068,False,1,-78.0,-91.0,True,2026-04-14 18:15:27-07:00
2026-04-14,18:15:27,37.42532033011077,-122.1708917712068,False,1,-81.0,-89.0,True,2026-04-14 18:15:27-07:00
2026-04-14,18:15:27,37.42532033011077,-122.1708917712068,False,1,-82.0,-89.0,True,2026-04-14 18:15:27-07:00
2026-04-14,18:15:36,37.42529183692208,-122.170924152051,False,1,null,null,False,2026-04-14 18:15:36-07:00
2026-04-14,18:15:36,37.42529183692208,-122.170924152051,False,1,null,null,False,2026-04-14 18:15:36-07:00
2026-04-14,18:15:36,37.42529183692208,-122.170924152051,False,1,null,null,False,2026-04-14 18:15:36-07:00
2026-04-14,18:15:45,37.42501434873549,-122.1710151528215,False,1,-78.0,-90.0,True,2026-04-14 18:15:45-07:00
2026-04-14,18:15:45,37.42501434873549,-122.1710151528215,False,1,-81.0,-90.0,True,2026-04-14 18:15:45-07:00
2026-04-14,18:15:45,37.42501434873549,-122.1710151528215,False,1,-82.0,-90.0,True,2026-04-14 18:15:45-07:00
2026-04-14,18:16:01,37.42489012893049,-122.1708705649918,False,1,-84.0,-93.0,True,2026-04-14 18:16:01-07:00
2026-04-14,18:16:01,37.42489012893049,-122.1708705649918,False,1,null,null,False,2026-04-14 18:16:01-07:00
2026-04-14,18:16:01,37.42489012893049,-122.1708705649918,False,1,null,null,False,2026-04-14 18:16:01-07:00
2026-04-14,18:16:15,37.42481083612649,-122.170820860306,False,1,-76.0,-98.0,True,2026-04-14 18:16:15-07:00
2026-04-14,18:16:15,37.42481083612649,-122.170820860306,False,1,-75.0,-98.0,True,2026-04-14 18:16:15-07:00
2026-04-14,18:16:15,37.42481083612649,-122.170820860306,False,1,-74.0,-98.0,True,2026-04-14 18:16:15-07:00
2026-04-14,18:16:25,37.42481083612649,-122.170820860306,False,1,-76.0,-98.0,True,2026-04-14 18:16:25-07:00
2026-04-14,18:16:25,37.42481083612649,-122.170820860306,False,1,-128.0,-98.0,True,2026-04-14 18:16:25-07:00
2026-04-14,18:16:25,37.42481083612649,-122.170820860306,False,1,-74.0,-74.0,True,2026-04-14 18:16:25-07:00
2026-04-14,18:16:39,37.42466637402533,-122.1706186888015,False,1,null,null,False,2026-04-14 18:16:39-07:00
2026-04-14,18:16:39,37.42466637402533,-122.1706186888015,False,1,null,null,False,2026-04-14 18:16:39-07:00
2026-04-14,18:16:39,37.42466637402533,-122.1706186888015,False,1,null,null,False,2026-04-14 18:16:39-07:00
2026-04-14,18:16:53,37.42457024013672,-122.1706313533055,False,1,-69.0,-97.0,True,2026-04-14 18:16:53-07:00
2026-04-14,18:16:53,37.42457024013672,-122.1706313533055,False,1,-69.0,-97.0,True,2026-04-14 18:16:53-07:00
2026-04-14,18:16:53,37.42457024013672,-122.1706313533055,False,1,-65.0,-97.0,True,2026-04-14 18:16:53-07:00
2026-04-14,18:16:53,37.42457024013672,-122.1706313533055,False,1,-67.0,-97.0,True,2026-04-14 18:16:53-07:00
2026-04-14,18:16:53,37.42457024013672,-122.1706313533055,False,1,-65.0,-97.0,True,2026-04-14 18:16:53-07:00
2026-04-14,18:16:53,37.42457024013672,-122.1706313533055,False,1,-66.0,-97.0,True,2026-04-14 18:16:53-07:00
2026-04-14,19:27:06,37.42451164971021,-122.1704913838004,False,1,-80.0,-96.0,True,2026-04-14 19:27:06-07:00
2026-04-14,19:27:06,37.42451164971021,-122.1704913838004,False,1,null,null,False,2026-04-14 19:27:06-07:00
2026-04-14,19:27:06,37.42451164971021,-122.1704913838004,False,1,null,null,False,2026-04-14 19:27:06-07:00
2026-04-14,19:27:34,37.42458169127626,-122.1703640645848,False,1,-73.0,-97.0,True,2026-04-14 19:27:34-07:00
2026-04-14,19:27:34,37.42458169127626,-122.1703640645848,False,1,-66.0,-97.0,True,2026-04-14 19:27:34-07:00
2026-04-14,19:27:34,37.42458169127626,-122.1703640645848,False,1,-65.0,-97.0,True,2026-04-14 19:27:34-07:00
2026-04-14,19:27:34,37.42458169127626,-122.1703640645848,False,1,-66.0,-96.0,True,2026-04-14 19:27:34-07:00
2026-04-14,19:27:34,37.42458169127626,-122.1703640645848,False,1,-66.0,-97.0,True,2026-04-14 19:27:34-07:00
2026-04-14,19:27:34,37.42458169127626,-122.1703640645848,False,1,-66.0,-97.0,True,2026-04-14 19:27:34-07:00
2026-04-14,19:27:52,37.42459390976695,-122.1700035034075,False,1,-73.0,-97.0,True,2026-04-14 19:27:52-07:00
2026-04-14,19:27:52,37.42459390976695,-122.1700035034075,False,1,-75.0,-97.0,True,2026-04-14 19:27:52-07:00
2026-04-14,19:27:52,37.42459390976695,-122.1700035034075,False,1,-73.0,-97.0,True,2026-04-14 19:27:52-07:00
2026-04-14,19:28:15,37.42455329484868,-122.1698467783918,False,1,-58.0,-97.0,True,2026-04-14 19:28:15-07:00
2026-04-14,19:28:15,37.42455329484868,-122.1698467783918,False,1,-60.0,-97.0,True,2026-04-14 19:28:15-07:00
2026-04-14,19:28:15,37.42455329484868,-122.1698467783918,False,1,-62.0,-97.0,True,2026-04-14 19:28:15-07:00
2026-04-14,19:28:38,37.42456184458549,-122.1696812828384,False,1,-69.0,-97.0,True,2026-04-14 19:28:38-07:00
2026-04-14,19:28:38,37.42456184458549,-122.1696812828384,False,1,-70.0,-97.0,True,2026-04-14 19:28:38-07:00
2026-04-14,19:28:38,37.42456184458549,-122.1696812828384,False,1,-72.0,-97.0,True,2026-04-14 19:28:38-07:00
2026-04-14,19:29:01,37.42458090359057,-122.1696340134661,False,1,-71.0,-97.0,True,2026-04-14 19:29:01-07:00
2026-04-14,19:29:01,37.42458090359057,-122.1696340134661,False,1,-64.0,-97.0,True,2026-04-14 19:29:01-07:00
2026-04-14,19:29:01,37.42458090359057,-122.1696340134661,False,1,-71.0,-97.0,True,2026-04-14 19:29:01-07:00
2026-04-14,19:29:13,37.42464567816578,-122.1694637637566,False,1,-65.0,-97.0,True,2026-04-14 19:29:13-07:00
2026-04-14,19:29:13,37.42464567816578,-122.1694637637566,False,1,-68.0,-97.0,True,2026-04-14 19:29:13-07:00
2026-04-14,19:29:13,37.42464567816578,-122.1694637637566,False,1,-61.0,-97.0,True,2026-04-14 19:29:13-07:00
2026-04-14,19:29:33,37.42480031253073,-122.1692063606131,False,1,-57.0,-97.0,True,2026-04-14 19:29:33-07:00
2026-04-14,19:29:33,37.42480031253073,-122.1692063606131,False,1,-59.0,-97.0,True,2026-04-14 19:29:33-07:00
2026-04-14,19:29:33,37.42480031253073,-122.1692063606131,False,1,-58.0,-97.0,True,2026-04-14 19:29:33-07:00
2026-04-14,19:29:45,37.42480031253073,-122.1692063606131,False,1,-65.0,-97.0,True,2026-04-14 19:29:45-07:00
2026-04-14,19:29:45,37.42480031253073,-122.1692063606131,False,1,-67.0,-97.0,True,2026-04-14 19:29:45-07:00
2026-04-14,19:29:45,37.42480031253073,-122.1692063606131,False,1,-66.0,-97.0,True,2026-04-14 19:29:45-07:00
2026-04-14,19:29:56,37.42507208489957,-122.1691619586908,False,1,-69.0,-97.0,True,2026-04-14 19:29:56-07:00
2026-04-14,19:29:56,37.42507208489957,-122.1691619586908,False,1,-72.0,-97.0,True,2026-04-14 19:29:56-07:00
2026-04-14,19:29:56,37.42507208489957,-122.1691619586908,False,1,-70.0,-97.0,True,2026-04-14 19:29:56-07:00
2026-04-14,19:30:04,37.42510732202445,-122.1691490891728,False,1,-73.0,-97.0,True,2026-04-14 19:30:04-07:00
2026-04-14,19:30:04,37.42510732202445,-122.1691490891728,False,1,-73.0,-97.0,True,2026-04-14 19:30:04-07:00
2026-04-14,19:30:04,37.42510732202445,-122.1691490891728,False,1,-72.0,-97.0,True,2026-04-14 19:30:04-07:00
2026-04-14,19:30:04,37.42510732202445,-122.1691490891728,False,1,-73.0,-97.0,True,2026-04-14 19:30:04-07:00
2026-04-14,19:30:04,37.42510732202445,-122.1691490891728,False,1,-76.0,-97.0,True,2026-04-14 19:30:04-07:00
2026-04-14,19:30:04,37.42510732202445,-122.1691490891728,False,1,-75.0,-97.0,True,2026-04-14 19:30:04-07:00
2026-04-14,19:30:27,37.42529236881906,-122.1688539363015,False,1,null,null,False,2026-04-14 19:30:27-07:00
2026-04-14,19:30:27,37.42529236881906,-122.1688539363015,False,1,null,null,False,2026-04-14 19:30:27-07:00
2026-04-14,19:30:27,37.42529236881906,-122.1688539363015,False,1,null,null,False,2026-04-14 19:30:27-07:00
2026-04-14,19:30:38,37.42523089820907,-122.1687097633883,False,1,null,null,False,2026-04-14 19:30:38-07:00
2026-04-14,19:30:38,37.42523089820907,-122.1687097633883,False,1,null,null,False,2026-04-14 19:30:38-07:00
2026-04-14,19:30:38,37.42523089820907,-122.1687097633883,False,1,null,null,False,2026-04-14 19:30:38-07:00
2026-04-14,19:30:47,37.42520252875502,-122.1685921703863,False,1,null,null,False,2026-04-14 19:30:47-07:00
2026-04-14,19:30:47,37.42520252875502,-122.1685921703863,False,1,null,null,False,2026-04-14 19:30:47-07:00
2026-04-14,19:30:47,37.42520252875502,-122.1685921703863,False,1,null,null,False,2026-04-14 19:30:47-07:00
2026-04-14,19:30:55,37.42520252875502,-122.1685921703863,False,1,null,null,False,2026-04-14 19:30:55-07:00
2026-04-14,19:30:55,37.42520252875502,-122.1685921703863,False,1,null,null,False,2026-04-14 19:30:55-07:00
2026-04-14,19:30:55,37.42520252875502,-122.1685921703863,False,1,null,null,False,2026-04-14 19:30:55-07:00
2026-04-14,19:31:16,37.42527672185668,-122.1682698512621,False,1,null,null,False,2026-04-14 19:31:16-07:00
2026-04-14,19:31:16,37.42527672185668,-122.1682698512621,False,1,null,null,False,2026-04-14 19:31:16-07:00
2026-04-14,19:31:16,37.42527672185668,-122.1682698512621,False,1,null,null,False,2026-04-14 19:31:16-07:00
2026-04-14,19:31:47,37.42527849418738,-122.1681802341669,False,1,-65.0,-90.0,True,2026-04-14 19:31:47-07:00
2026-04-14,19:31:47,37.42527849418738,-122.1681802341669,False,1,-62.0,-90.0,True,2026-04-14 19:31:47-07:00
2026-04-14,19:31:47,37.42527849418738,-122.1681802341669,False,1,-71.0,-90.0,True,2026-04-14 19:31:47-07:00
2026-04-14,19:31:59,37.42537476274867,-122.1681044473294,False,1,-61.0,-93.0,True,2026-04-14 19:31:59-07:00
2026-04-14,19:31:59,37.42537476274867,-122.1681044473294,False,1,-65.0,-93.0,True,2026-04-14 19:31:59-07:00
2026-04-14,19:31:59,37.42537476274867,-122.1681044473294,False,1,-64.0,-93.0,True,2026-04-14 19:31:59-07:00
2026-04-14,19:32:15,37.42537476274867,-122.1681044473294,False,1,-71.0,-91.0,True,2026-04-14 19:32:15-07:00
2026-04-14,19:32:15,37.42537476274867,-122.1681044473294,False,1,-73.0,-91.0,True,2026-04-14 19:32:15-07:00
2026-04-14,19:32:15,37.42537476274867,-122.1681044473294,False,1,-74.0,-93.0,True,2026-04-14 19:32:15-07:00
2026-04-14,19:32:25,37.4252813425386,-122.1677508083051,False,1,-79.0,-95.0,True,2026-04-14 19:32:25-07:00
2026-04-14,19:32:25,37.4252813425386,-122.1677508083051,False,1,-69.0,-91.0,True,2026-04-14 19:32:25-07:00
2026-04-14,19:32:25,37.4252813425386,-122.1677508083051,False,1,-71.0,-91.0,True,2026-04-14 19:32:25-07:00
2026-04-14,19:32:32,37.42528630165465,-122.1676737143851,False,1,null,null,False,2026-04-14 19:32:32-07:00
2026-04-14,19:32:32,37.42528630165465,-122.1676737143851,False,1,null,null,False,2026-04-14 19:32:32-07:00
2026-04-14,19:32:32,37.42528630165465,-122.1676737143851,False,1,null,null,False,2026-04-14 19:32:32-07:00
2026-04-14,19:32:42,37.42528137112723,-122.1675636683711,False,1,null,null,False,2026-04-14 19:32:42-07:00
2026-04-14,19:32:42,37.42528137112723,-122.1675636683711,False,1,null,null,False,2026-04-14 19:32:42-07:00
2026-04-14,19:32:42,37.42528137112723,-122.1675636683711,False,1,null,null,False,2026-04-14 19:32:42-07:00
2026-04-14,19:32:51,37.42528137112723,-122.1675636683711,False,1,null,null,False,2026-04-14 19:32:51-07:00
2026-04-14,19:32:51,37.42528137112723,-122.1675636683711,False,1,null,null,False,2026-04-14 19:32:51-07:00
2026-04-14,19:32:51,37.42528137112723,-122.1675636683711,False,1,null,null,False,2026-04-14 19:32:51-07:00
2026-04-14,19:33:10,37.42528397422547,-122.1671624166255,False,1,-81.0,-98.0,True,2026-04-14 19:33:10-07:00
2026-04-14,19:33:10,37.42528397422547,-122.1671624166255,False,1,-81.0,-98.0,True,2026-04-14 19:33:10-07:00
2026-04-14,19:33:10,37.42528397422547,-122.1671624166255,False,1,-80.0,-98.0,True,2026-04-14 19:33:10-07:00
2026-04-14,19:33:19,37.42529753847462,-122.1670534599252,False,1,null,null,False,2026-04-14 19:33:19-07:00
2026-04-14,19:33:19,37.42529753847462,-122.1670534599252,False,1,null,null,False,2026-04-14 19:33:19-07:00
2026-04-14,19:33:19,37.42529753847462,-122.1670534599252,False,1,null,null,False,2026-04-14 19:33:19-07:00
2026-04-14,19:33:27,37.42531204112603,-122.1670378061925,False,1,null,null,False,2026-04-14 19:33:27-07:00
2026-04-14,19:33:27,37.42531204112603,-122.1670378061925,False,1,-79.0,-97.0,True,2026-04-14 19:33:27-07:00
2026-04-14,19:33:27,37.42531204112603,-122.1670378061925,False,1,null,null,False,2026-04-14 19:33:27-07:00
2026-04-14,19:33:54,37.42550967730342,-122.1667546314394,False,1,-70.0,-97.0,True,2026-04-14 19:33:54-07:00
2026-04-14,19:33:54,37.42550967730342,-122.1667546314394,False,1,-69.0,-97.0,True,2026-04-14 19:33:54-07:00
2026-04-14,19:33:54,37.42550967730342,-122.1667546314394,False,1,-70.0,-97.0,True,2026-04-14 19:33:54-07:00
2026-04-14,19:34:08,37.42549375168739,-122.166595123822,False,1,-79.0,-97.0,True,2026-04-14 19:34:08-07:00
2026-04-14,19:34:08,37.42549375168739,-122.166595123822,False,1,-79.0,-97.0,True,2026-04-14 19:34:08-07:00
2026-04-14,19:34:08,37.42549375168739,-122.166595123822,False,1,-80.0,-97.0,True,2026-04-14 19:34:08-07:00
2026-04-14,19:34:21,37.42549649729022,-122.1665864462763,False,1,-82.0,-97.0,True,2026-04-14 19:34:21-07:00
2026-04-14,19:34:21,37.42549649729022,-122.1665864462763,False,1,-83.0,-97.0,True,2026-04-14 19:34:21-07:00
2026-04-14,19:34:21,37.42549649729022,-122.1665864462763,False,1,-83.0,-97.0,True,2026-04-14 19:34:21-07:00
2026-04-14,19:34:29,37.42552929095684,-122.1662652959322,False,1,-84.0,-91.0,True,2026-04-14 19:34:29-07:00
2026-04-14,19:34:29,37.42552929095684,-122.1662652959322,False,1,-86.0,-91.0,True,2026-04-14 19:34:29-07:00
2026-04-14,19:34:29,37.42552929095684,-122.1662652959322,False,1,-86.0,-91.0,True,2026-04-14 19:34:29-07:00
2026-04-14,19:34:43,37.42552132814883,-122.1661579237526,False,1,-85.0,-97.0,True,2026-04-14 19:34:43-07:00
2026-04-14,19:34:43,37.42552132814883,-122.1661579237526,False,1,-88.0,-97.0,True,2026-04-14 19:34:43-07:00
2026-04-14,19:34:43,37.42552132814883,-122.1661579237526,False,1,-87.0,-97.0,True,2026-04-14 19:34:43-07:00
2026-04-14,19:34:55,37.42548247802763,-122.165987100566,False,1,-87.0,-97.0,True,2026-04-14 19:34:55-07:00
2026-04-14,19:34:55,37.42548247802763,-122.165987100566,False,1,-89.0,-97.0,True,2026-04-14 19:34:55-07:00
2026-04-14,19:34:55,37.42548247802763,-122.165987100566,False,1,-89.0,-97.0,True,2026-04-14 19:34:55-07:00
2026-04-14,19:35:08,37.42548247802763,-122.165987100566,False,1,null,null,False,2026-04-14 19:35:08-07:00
2026-04-14,19:35:08,37.42548247802763,-122.165987100566,False,1,null,null,False,2026-04-14 19:35:08-07:00
2026-04-14,19:35:08,37.42548247802763,-122.165987100566,False,1,-93.0,-99.0,True,2026-04-14 19:35:08-07:00
2026-04-14,19:35:21,37.42549742271269,-122.1658688924451,False,1,-90.0,-99.0,True,2026-04-14 19:35:21-07:00
2026-04-14,19:35:21,37.42549742271269,-122.1658688924451,False,1,-90.0,-99.0,True,2026-04-14 19:35:21-07:00
2026-04-14,19:35:21,37.42549742271269,-122.1658688924451,False,1,-90.0,-99.0,True,2026-04-14 19:35:21-07:00
2026-04-14,19:35:32,37.42548954078287,-122.1658582347186,False,1,-94.0,-99.0,True,2026-04-14 19:35:32-07:00
2026-04-14,19:35:32,37.42548954078287,-122.1658582347186,False,1,-79.0,-98.0,True,2026-04-14 19:35:32-07:00
2026-04-14,19:35:32,37.42548954078287,-122.1658582347186,False,1,-81.0,-98.0,True,2026-04-14 19:35:32-07:00
2026-04-14,19:35:40,37.42547142997797,-122.1657669068721,False,1,-80.0,-93.0,True,2026-04-14 19:35:40-07:00
2026-04-14,19:35:40,37.42547142997797,-122.1657669068721,False,1,-80.0,-93.0,True,2026-04-14 19:35:40-07:00
2026-04-14,19:35:40,37.42547142997797,-122.1657669068721,False,1,-79.0,-93.0,True,2026-04-14 19:35:40-07:00
2026-04-14,19:35:53,37.42536186244099,-122.1653427836692,False,1,null,null,False,2026-04-14 19:35:53-07:00
2026-04-14,19:35:53,37.42536186244099,-122.1653427836692,False,1,null,null,False,2026-04-14 19:35:53-07:00
2026-04-14,19:35:53,37.42536186244099,-122.1653427836692,False,1,null,null,False,2026-04-14 19:35:53-07:00
2026-04-14,19:36:01,37.42536856796352,-122.1652496607249,False,1,-84.0,-92.0,True,2026-04-14 19:36:01-07:00
2026-04-14,19:36:01,37.42536856796352,-122.1652496607249,False,1,-86.0,-92.0,True,2026-04-14 19:36:01-07:00
2026-04-14,19:36:01,37.42536856796352,-122.1652496607249,False,1,-86.0,-92.0,True,2026-04-14 19:36:01-07:00
2026-04-14,19:36:10,37.42534538121059,-122.1651434739867,False,1,-88.0,-90.0,True,2026-04-14 19:36:10-07:00
2026-04-14,19:36:10,37.42534538121059,-122.1651434739867,False,1,-88.0,-90.0,True,2026-04-14 19:36:10-07:00
2026-04-14,19:36:10,37.42534538121059,-122.1651434739867,False,1,-88.0,-90.0,True,2026-04-14 19:36:10-07:00
2026-04-14,19:36:18,37.42532271675576,-122.1650573086431,False,1,-87.0,-90.0,True,2026-04-14 19:36:18-07:00
2026-04-14,19:36:18,37.42532271675576,-122.1650573086431,False,1,-85.0,-90.0,True,2026-04-14 19:36:18-07:00
2026-04-14,19:36:18,37.42532271675576,-122.1650573086431,False,1,-86.0,-93.0,True,2026-04-14 19:36:18-07:00
2026-04-14,19:36:31,37.4252818631913,-122.1649033005883,False,1,-74.0,-97.0,True,2026-04-14 19:36:31-07:00
2026-04-14,19:36:31,37.4252818631913,-122.1649033005883,False,1,-71.0,-97.0,True,2026-04-14 19:36:31-07:00
2026-04-14,19:36:31,37.4252818631913,-122.1649033005883,False,1,-76.0,-97.0,True,2026-04-14 19:36:31-07:00
2026-04-14,19:37:09,37.42526243758768,-122.1647492638646,False,1,-75.0,-97.0,True,2026-04-14 19:37:09-07:00
2026-04-14,19:37:09,37.42526243758768,-122.1647492638646,False,1,-74.0,-97.0,True,2026-04-14 19:37:09-07:00
2026-04-14,19:37:09,37.42526243758768,-122.1647492638646,False,1,-75.0,-97.0,True,2026-04-14 19:37:09-07:00
2026-04-14,19:37:19,37.425265,-122.165047,False,1,-70.0,-96.0,True,2026-04-14 19:37:19-07:00
2026-04-14,19:37:19,37.425265,-122.165047,False,1,-72.0,-96.0,True,2026-04-14 19:37:19-07:00
2026-04-14,19:37:19,37.425265,-122.165047,False,1,-65.0,-96.0,True,2026-04-14 19:37:19-07:00
2026-04-14,19:37:28,37.425265,-122.165047,False,1,-63.0,-96.0,True,2026-04-14 19:37:28-07:00
2026-04-14,19:37:28,37.425265,-122.165047,False,1,-69.0,-96.0,True,2026-04-14 19:37:28-07:00
2026-04-14,19:37:28,37.425265,-122.165047,False,1,-70.0,-96.0,True,2026-04-14 19:37:28-07:00
2026-04-14,19:37:34,37.425265,-122.165047,False,1,-61.0,-96.0,True,2026-04-14 19:37:34-07:00
2026-04-14,19:37:34,37.425265,-122.165047,False,1,-60.0,-96.0,True,2026-04-14 19:37:34-07:00
2026-04-14,19:37:34,37.425265,-122.165047,False,1,-59.0,-96.0,True,2026-04-14 19:37:34-07:00
2026-04-14,19:37:41,37.425265,-122.165047,False,1,-69.0,-96.0,True,2026-04-14 19:37:41-07:00
2026-04-14,19:37:41,37.425265,-122.165047,False,1,-69.0,-96.0,True,2026-04-14 19:37:41-07:00
2026-04-14,19:37:41,37.425265,-122.165047,False,1,-67.0,-96.0,True,2026-04-14 19:37:41-07:00
2026-04-14,19:37:46,37.425265,-122.165047,False,1,-72.0,-96.0,True,2026-04-14 19:37:46-07:00
2026-04-14,19:37:46,37.425265,-122.165047,False,1,-76.0,-96.0,True,2026-04-14 19:37:46-07:00
2026-04-14,19:37:46,37.425265,-122.165047,False,1,-79.0,-96.0,True,2026-04-14 19:37:46-07:00
2026-04-14,19:37:51,37.425265,-122.165047,False,1,-88.0,-97.0,True,2026-04-14 19:37:51-07:00
2026-04-14,19:37:51,37.425265,-122.165047,False,1,-90.0,-97.0,True,2026-04-14 19:37:51-07:00
2026-04-14,19:37:51,37.425265,-122.165047,False,1,-89.0,-97.0,True,2026-04-14 19:37:51-07:00
2026-04-14,19:37:57,37.425265,-122.165047,False,1,-92.0,-97.0,True,2026-04-14 19:37:57-07:00
2026-04-14,19:37:57,37.425265,-122.165047,False,1,-92.0,-97.0,True,2026-04-14 19:37:57-07:00
2026-04-14,19:37:57,37.425265,-122.165047,False,1,null,null,False,2026-04-14 19:37:57-07:00
2026-04-14,19:38:03,37.425265,-122.165047,False,1,-70.0,-95.0,True,2026-04-14 19:38:03-07:00
2026-04-14,19:38:03,37.425265,-122.165047,False,1,-63.0,-95.0,True,2026-04-14 19:38:03-07:00
2026-04-14,19:38:03,37.425265,-122.165047,False,1,-62.0,-95.0,True,2026-04-14 19:38:03-07:00
2026-04-14,19:38:08,37.425108,-122.164396,False,1,-61.0,-95.0,True,2026-04-14 19:38:08-07:00
2026-04-14,19:38:08,37.425108,-122.164396,False,1,-69.0,-95.0,True,2026-04-14 19:38:08-07:00
2026-04-14,19:38:08,37.425108,-122.164396,False,1,-68.0,-95.0,True,2026-04-14 19:38:08-07:00
2026-04-14,19:38:12,37.425108,-122.164398,False,1,-71.0,-95.0,True,2026-04-14 19:38:12-07:00
2026-04-14,19:38:12,37.425108,-122.164398,False,1,-74.0,-95.0,True,2026-04-14 19:38:12-07:00
2026-04-14,19:38:12,37.425108,-122.164398,False,1,-75.0,-95.0,True,2026-04-14 19:38:12-07:00
2026-04-14,19:38:18,37.425108,-122.164397,False,1,-79.0,-95.0,True,2026-04-14 19:38:18-07:00
2026-04-14,19:38:18,37.425108,-122.164397,False,1,-80.0,-95.0,True,2026-04-14 19:38:18-07:00
2026-04-14,19:38:18,37.425108,-122.164397,False,1,-81.0,-97.0,True,2026-04-14 19:38:18-07:00
2026-04-14,19:38:26,37.425108,-122.164396,False,1,-85.0,-91.0,True,2026-04-14 19:38:26-07:00
2026-04-14,19:38:26,37.425108,-122.164396,False,1,-84.0,-91.0,True,2026-04-14 19:38:26-07:00
2026-04-14,19:38:26,37.425108,-122.164396,False,1,-85.0,-91.0,True,2026-04-14 19:38:26-07:00
2026-04-14,19:38:31,37.425108,-122.164396,False,1,-84.0,-94.0,True,2026-04-14 19:38:31-07:00
2026-04-14,19:38:31,37.425108,-122.164396,False,1,-87.0,-94.0,True,2026-04-14 19:38:31-07:00
2026-04-14,19:38:31,37.425108,-122.164396,False,1,-89.0,-94.0,True,2026-04-14 19:38:31-07:00
2026-04-14,19:38:36,37.425148,-122.164338,False,1,-89.0,-94.0,True,2026-04-14 19:38:36-07:00
2026-04-14,19:38:36,37.425148,-122.164338,False,1,-90.0,-94.0,True,2026-04-14 19:38:36-07:00
2026-04-14,19:38:36,37.425148,-122.164338,False,1,-88.0,-95.0,True,2026-04-14 19:38:36-07:00
2026-04-14,19:38:43,37.425149,-122.164337,False,1,-89.0,-96.0,True,2026-04-14 19:38:43-07:00
2026-04-14,19:38:43,37.425149,-122.164337,False,1,-89.0,-96.0,True,2026-04-14 19:38:43-07:00
2026-04-14,19:38:43,37.425149,-122.164337,False,1,-89.0,-96.0,True,2026-04-14 19:38:43-07:00
2026-04-14,19:39:04,37.42496791171635,-122.1632594995512,False,1,-86.0,-91.0,True,2026-04-14 19:39:04-07:00
2026-04-14,19:39:04,37.42496791171635,-122.1632594995512,False,1,-85.0,-92.0,True,2026-04-14 19:39:04-07:00
2026-04-14,19:39:04,37.42496791171635,-122.1632594995512,False,1,-83.0,-92.0,True,2026-04-14 19:39:04-07:00
2026-04-14,19:39:50,37.42494029462097,-122.1632484813427,False,1,-87.0,-95.0,True,2026-04-14 19:39:50-07:00
2026-04-14,19:39:50,37.42494029462097,-122.1632484813427,False,1,-91.0,-95.0,True,2026-04-14 19:39:50-07:00
2026-04-14,19:39:50,37.42494029462097,-122.1632484813427,False,1,-85.0,-95.0,True,2026-04-14 19:39:50-07:00
2026-04-14,19:39:56,37.424935,-122.163144,False,1,-90.0,-97.0,True,2026-04-14 19:39:56-07:00
2026-04-14,19:39:56,37.424935,-122.163144,False,1,-86.0,-97.0,True,2026-04-14 19:39:56-07:00
2026-04-14,19:39:56,37.424935,-122.163144,False,1,-84.0,-97.0,True,2026-04-14 19:39:56-07:00
2026-04-14,19:40:15,37.42491802670484,-122.163014010973,False,1,-87.0,-97.0,True,2026-04-14 19:40:15-07:00
2026-04-14,19:40:15,37.42491802670484,-122.163014010973,False,1,-86.0,-97.0,True,2026-04-14 19:40:15-07:00
2026-04-14,19:40:15,37.42491802670484,-122.163014010973,False,1,-88.0,-97.0,True,2026-04-14 19:40:15-07:00
2026-04-14,19:40:22,37.424636,-122.162885,False,1,-89.0,-99.0,True,2026-04-14 19:40:22-07:00
2026-04-14,19:40:22,37.424636,-122.162885,False,1,-86.0,-99.0,True,2026-04-14 19:40:22-07:00
2026-04-14,19:40:22,37.424636,-122.162885,False,1,-89.0,-97.0,True,2026-04-14 19:40:22-07:00
2026-04-14,19:40:28,37.424639,-122.162877,False,1,-85.0,-97.0,True,2026-04-14 19:40:28-07:00
2026-04-14,19:40:28,37.424639,-122.162877,False,1,-87.0,-97.0,True,2026-04-14 19:40:28-07:00
2026-04-14,19:40:28,37.424639,-122.162877,False,1,-84.0,-97.0,True,2026-04-14 19:40:28-07:00
2026-04-14,19:40:34,37.424641,-122.162874,False,1,-86.0,-99.0,True,2026-04-14 19:40:34-07:00
2026-04-14,19:40:34,37.424641,-122.162874,False,1,-83.0,-99.0,True,2026-04-14 19:40:34-07:00
2026-04-14,19:40:34,37.424641,-122.162874,False,1,-88.0,-99.0,True,2026-04-14 19:40:34-07:00
2026-04-14,19:40:41,37.424642,-122.162875,False,1,-91.0,-97.0,True,2026-04-14 19:40:41-07:00
2026-04-14,19:40:41,37.424642,-122.162875,False,1,-91.0,-97.0,True,2026-04-14 19:40:41-07:00
2026-04-14,19:40:41,37.424642,-122.162875,False,1,-88.0,-91.0,True,2026-04-14 19:40:41-07:00
2026-04-14,19:40:50,37.424643,-122.162876,False,1,-81.0,-90.0,True,2026-04-14 19:40:50-07:00
2026-04-14,19:40:50,37.424643,-122.162876,False,1,-76.0,-90.0,True,2026-04-14 19:40:50-07:00
2026-04-14,19:40:50,37.424643,-122.162876,False,1,-77.0,-90.0,True,2026-04-14 19:40:50-07:00
2026-04-14,19:40:57,37.424643,-122.162876,False,1,-85.0,-93.0,True,2026-04-14 19:40:57-07:00
2026-04-14,19:40:57,37.424643,-122.162876,False,1,-84.0,-93.0,True,2026-04-14 19:40:57-07:00
2026-04-14,19:40:57,37.424643,-122.162876,False,1,-84.0,-93.0,True,2026-04-14 19:40:57-07:00
2026-04-14,19:41:19,37.42473122579474,-122.1623240501704,False,1,-90.0,-99.0,True,2026-04-14 19:41:19-07:00
2026-04-14,19:41:19,37.42473122579474,-122.1623240501704,False,1,-94.0,-99.0,True,2026-04-14 19:41:19-07:00
2026-04-14,19:41:19,37.42473122579474,-122.1623240501704,False,1,-93.0,-99.0,True,2026-04-14 19:41:19-07:00
2026-04-14,19:41:31,37.424723,-122.162376,False,1,-82.0,-89.0,True,2026-04-14 19:41:31-07:00
2026-04-14,19:41:31,37.424723,-122.162376,False,1,-83.0,-89.0,True,2026-04-14 19:41:31-07:00
2026-04-14,19:41:31,37.424723,-122.162376,False,1,-81.0,-89.0,True,2026-04-14 19:41:31-07:00
2026-04-14,19:41:38,37.424723,-122.162376,False,1,-80.0,-94.0,True,2026-04-14 19:41:38-07:00
2026-04-14,19:41:38,37.424723,-122.162376,False,1,-78.0,-94.0,True,2026-04-14 19:41:38-07:00
2026-04-14,19:41:38,37.424723,-122.162376,False,1,-79.0,-94.0,True,2026-04-14 19:41:38-07:00
2026-04-14,19:41:43,37.424762,-122.162151,False,1,-79.0,-94.0,True,2026-04-14 19:41:43-07:00
2026-04-14,19:41:43,37.424762,-122.162151,False,1,-76.0,-94.0,True,2026-04-14 19:41:43-07:00
2026-04-14,19:41:43,37.424762,-122.162151,False,1,-80.0,-92.0,True,2026-04-14 19:41:43-07:00
2026-04-14,19:41:48,37.424762,-122.162147,False,1,-80.0,-92.0,True,2026-04-14 19:41:48-07:00
2026-04-14,19:41:48,37.424762,-122.162147,False,1,-80.0,-92.0,True,2026-04-14 19:41:48-07:00
2026-04-14,19:41:48,37.424762,-122.162147,False,1,-81.0,-92.0,True,2026-04-14 19:41:48-07:00
2026-04-14,19:41:55,37.424762,-122.162149,False,1,-84.0,-92.0,True,2026-04-14 19:41:55-07:00
2026-04-14,19:41:55,37.424762,-122.162149,False,1,-88.0,-92.0,True,2026-04-14 19:41:55-07:00
2026-04-14,19:41:55,37.424762,-122.162149,False,1,-88.0,-92.0,True,2026-04-14 19:41:55-07:00
2026-04-14,19:42:01,37.424762,-122.162149,False,1,-87.0,-92.0,True,2026-04-14 19:42:01-07:00
2026-04-14,19:42:01,37.424762,-122.162149,False,1,-86.0,-92.0,True,2026-04-14 19:42:01-07:00
2026-04-14,19:42:01,37.424762,-122.162149,False,1,-88.0,-92.0,True,2026-04-14 19:42:01-07:00
2026-04-14,19:42:06,37.424762,-122.162149,False,1,-79.0,-92.0,True,2026-04-14 19:42:06-07:00
2026-04-14,19:42:06,37.424762,-122.162149,False,1,-83.0,-92.0,True,2026-04-14 19:42:06-07:00
2026-04-14,19:42:06,37.424762,-122.162149,False,1,-83.0,-92.0,True,2026-04-14 19:42:06-07:00
2026-04-14,19:42:17,37.424762,-122.162149,False,1,-79.0,-94.0,True,2026-04-14 19:42:17-07:00
2026-04-14,19:42:17,37.424762,-122.162149,False,1,-84.0,-94.0,True,2026-04-14 19:42:17-07:00
2026-04-14,19:42:17,37.424762,-122.162149,False,1,-82.0,-94.0,True,2026-04-14 19:42:17-07:00
2026-04-14,19:42:26,37.424762,-122.162149,False,1,-84.0,-92.0,True,2026-04-14 19:42:26-07:00
2026-04-14,19:42:26,37.424762,-122.162149,False,1,-83.0,-97.0,True,2026-04-14 19:42:26-07:00
2026-04-14,19:42:26,37.424762,-122.162149,False,1,-81.0,-97.0,True,2026-04-14 19:42:26-07:00
2026-04-14,19:42:34,37.424762,-122.162149,False,1,-83.0,-97.0,True,2026-04-14 19:42:34-07:00
2026-04-14,19:42:34,37.424762,-122.162149,False,1,-82.0,-97.0,True,2026-04-14 19:42:34-07:00
2026-04-14,19:42:34,37.424762,-122.162149,False,1,-86.0,-91.0,True,2026-04-14 19:42:34-07:00
2026-04-14,19:42:57,37.42451300076699,-122.1613451970589,False,1,null,null,False,2026-04-14 19:42:57-07:00
2026-04-14,19:42:57,37.42451300076699,-122.1613451970589,False,1,null,null,False,2026-04-14 19:42:57-07:00
2026-04-14,19:42:57,37.42451300076699,-122.1613451970589,False,1,null,null,False,2026-04-14 19:42:57-07:00
2026-04-14,19:43:02,37.424707,-122.161291,False,1,-85.0,-95.0,True,2026-04-14 19:43:02-07:00
2026-04-14,19:43:02,37.424707,-122.161291,False,1,-86.0,-96.0,True,2026-04-14 19:43:02-07:00
2026-04-14,19:43:02,37.424707,-122.161291,False,1,-85.0,-96.0,True,2026-04-14 19:43:02-07:00
2026-04-14,19:43:09,37.424723,-122.161089,False,1,-88.0,-95.0,True,2026-04-14 19:43:09-07:00
2026-04-14,19:43:09,37.424723,-122.161089,False,1,-88.0,-95.0,True,2026-04-14 19:43:09-07:00
2026-04-14,19:43:09,37.424723,-122.161089,False,1,-84.0,-95.0,True,2026-04-14 19:43:09-07:00
2026-04-14,19:43:15,37.424726,-122.161096,False,1,-87.0,-95.0,True,2026-04-14 19:43:15-07:00
2026-04-14,19:43:15,37.424726,-122.161096,False,1,-87.0,-95.0,True,2026-04-14 19:43:15-07:00
2026-04-14,19:43:15,37.424726,-122.161096,False,1,-87.0,-95.0,True,2026-04-14 19:43:15-07:00
2026-04-14,19:43:24,37.424725,-122.161098,False,1,null,null,False,2026-04-14 19:43:24-07:00
2026-04-14,19:43:24,37.424725,-122.161098,False,1,-84.0,-89.0,True,2026-04-14 19:43:24-07:00
2026-04-14,19:43:24,37.424725,-122.161098,False,1,-82.0,-89.0,True,2026-04-14 19:43:24-07:00
2026-04-14,19:43:30,37.424725,-122.161098,False,1,-79.0,-93.0,True,2026-04-14 19:43:30-07:00
2026-04-14,19:43:30,37.424725,-122.161098,False,1,-78.0,-93.0,True,2026-04-14 19:43:30-07:00
2026-04-14,19:43:30,37.424725,-122.161098,False,1,-79.0,-93.0,True,2026-04-14 19:43:30-07:00
2026-04-14,19:43:39,37.424743,-122.160391,False,1,-82.0,-95.0,True,2026-04-14 19:43:39-07:00
2026-04-14,19:43:39,37.424743,-122.160391,False,1,-82.0,-93.0,True,2026-04-14 19:43:39-07:00
2026-04-14,19:43:39,37.424743,-122.160391,False,1,-83.0,-93.0,True,2026-04-14 19:43:39-07:00
2026-04-14,19:43:43,37.424744,-122.160368,False,1,-80.0,-93.0,True,2026-04-14 19:43:43-07:00
2026-04-14,19:43:43,37.424744,-122.160368,False,1,-79.0,-93.0,True,2026-04-14 19:43:43-07:00
2026-04-14,19:43:43,37.424744,-122.160368,False,1,-79.0,-93.0,True,2026-04-14 19:43:43-07:00
2026-04-14,19:43:54,37.424744,-122.160379,False,1,-81.0,-89.0,True,2026-04-14 19:43:54-07:00
2026-04-14,19:43:54,37.424744,-122.160379,False,1,-81.0,-89.0,True,2026-04-14 19:43:54-07:00
2026-04-14,19:43:54,37.424744,-122.160379,False,1,-77.0,-89.0,True,2026-04-14 19:43:54-07:00
2026-04-14,19:44:00,37.424743,-122.16038,False,1,-80.0,-89.0,True,2026-04-14 19:44:00-07:00
2026-04-14,19:44:00,37.424743,-122.16038,False,1,-77.0,-89.0,True,2026-04-14 19:44:00-07:00
2026-04-14,19:44:00,37.424743,-122.16038,False,1,-70.0,-89.0,True,2026-04-14 19:44:00-07:00
2026-04-14,19:44:05,37.424743,-122.16038,False,1,-78.0,-89.0,True,2026-04-14 19:44:05-07:00
2026-04-14,19:44:05,37.424743,-122.16038,False,1,-73.0,-89.0,True,2026-04-14 19:44:05-07:00
2026-04-14,19:44:05,37.424743,-122.16038,False,1,-77.0,-89.0,True,2026-04-14 19:44:05-07:00
2026-04-14,19:44:11,37.424743,-122.16038,False,1,-77.0,-89.0,True,2026-04-14 19:44:11-07:00
2026-04-14,19:44:11,37.424743,-122.16038,False,1,-79.0,-89.0,True,2026-04-14 19:44:11-07:00
2026-04-14,19:44:11,37.424743,-122.16038,False,1,-78.0,-89.0,True,2026-04-14 19:44:11-07:00
2026-04-14,19:44:17,37.424743,-122.16038,False,1,-75.0,-94.0,True,2026-04-14 19:44:17-07:00
2026-04-14,19:44:17,37.424743,-122.16038,False,1,-77.0,-94.0,True,2026-04-14 19:44:17-07:00
2026-04-14,19:44:17,37.424743,-122.16038,False,1,-79.0,-94.0,True,2026-04-14 19:44:17-07:00
2026-04-14,19:44:23,37.424743,-122.16038,False,1,-76.0,-94.0,True,2026-04-14 19:44:23-07:00
2026-04-14,19:44:23,37.424743,-122.16038,False,1,-74.0,-94.0,True,2026-04-14 19:44:23-07:00
2026-04-14,19:44:23,37.424743,-122.16038,False,1,-75.0,-92.0,True,2026-04-14 19:44:23-07:00
2026-04-14,19:44:29,37.424743,-122.16038,False,1,-76.0,-92.0,True,2026-04-14 19:44:29-07:00
2026-04-14,19:44:29,37.424743,-122.16038,False,1,-74.0,-92.0,True,2026-04-14 19:44:29-07:00
2026-04-14,19:44:29,37.424743,-122.16038,False,1,-77.0,-94.0,True,2026-04-14 19:44:29-07:00
2026-04-14,19:44:33,37.424743,-122.16038,False,1,-81.0,-94.0,True,2026-04-14 19:44:33-07:00
2026-04-14,19:44:33,37.424743,-122.16038,False,1,-78.0,-94.0,True,2026-04-14 19:44:33-07:00
2026-04-14,19:44:33,37.424743,-122.16038,False,1,-77.0,-92.0,True,2026-04-14 19:44:33-07:00
2026-04-14,19:44:39,37.424966,-122.160168,False,1,-77.0,-90.0,True,2026-04-14 19:44:39-07:00
2026-04-14,19:44:39,37.424966,-122.160168,False,1,-78.0,-88.0,True,2026-04-14 19:44:39-07:00
2026-04-14,19:44:39,37.424966,-122.160168,False,1,-78.0,-90.0,True,2026-04-14 19:44:39-07:00
2026-04-14,19:44:44,37.425026,-122.160111,False,1,-74.0,-90.0,True,2026-04-14 19:44:44-07:00
2026-04-14,19:44:44,37.425026,-122.160111,False,1,-74.0,-90.0,True,2026-04-14 19:44:44-07:00
2026-04-14,19:44:44,37.425026,-122.160111,False,1,-77.0,-92.0,True,2026-04-14 19:44:44-07:00
2026-04-14,19:44:50,37.425021,-122.160116,False,1,-79.0,-94.0,True,2026-04-14 19:44:50-07:00
2026-04-14,19:44:50,37.425021,-122.160116,False,1,-81.0,-94.0,True,2026-04-14 19:44:50-07:00
2026-04-14,19:44:50,37.425021,-122.160116,False,1,-82.0,-94.0,True,2026-04-14 19:44:50-07:00
2026-04-14,19:44:56,37.425015,-122.160122,False,1,-81.0,-92.0,True,2026-04-14 19:44:56-07:00
2026-04-14,19:44:56,37.425015,-122.160122,False,1,-83.0,-92.0,True,2026-04-14 19:44:56-07:00
2026-04-14,19:44:56,37.425015,-122.160122,False,1,-83.0,-92.0,True,2026-04-14 19:44:56-07:00
2026-04-14,19:45:01,37.425013,-122.160123,False,1,null,null,False,2026-04-14 19:45:01-07:00
2026-04-14,19:45:01,37.425013,-122.160123,False,1,null,null,False,2026-04-14 19:45:01-07:00
2026-04-14,19:45:01,37.425013,-122.160123,False,1,null,null,False,2026-04-14 19:45:01-07:00
2026-04-14,19:45:10,37.425014,-122.160123,False,1,-80.0,-93.0,True,2026-04-14 19:45:10-07:00
2026-04-14,19:45:10,37.425014,-122.160123,False,1,-78.0,-93.0,True,2026-04-14 19:45:10-07:00
2026-04-14,19:45:10,37.425014,-122.160123,False,1,-81.0,-93.0,True,2026-04-14 19:45:10-07:00
2026-04-14,19:45:15,37.42524,-122.159986,False,1,-78.0,-93.0,True,2026-04-14 19:45:15-07:00
2026-04-14,19:45:15,37.42524,-122.159986,False,1,-72.0,-93.0,True,2026-04-14 19:45:15-07:00
2026-04-14,19:45:15,37.42524,-122.159986,False,1,-71.0,-93.0,True,2026-04-14 19:45:15-07:00
2026-04-14,19:45:20,37.425259,-122.159975,False,1,-74.0,-91.0,True,2026-04-14 19:45:20-07:00
2026-04-14,19:45:20,37.425259,-122.159975,False,1,-79.0,-91.0,True,2026-04-14 19:45:20-07:00
2026-04-14,19:45:20,37.425259,-122.159975,False,1,-74.0,-91.0,True,2026-04-14 19:45:20-07:00
2026-04-14,19:45:25,37.425255,-122.159977,False,1,-76.0,-89.0,True,2026-04-14 19:45:25-07:00
2026-04-14,19:45:25,37.425255,-122.159977,False,1,-77.0,-89.0,True,2026-04-14 19:45:25-07:00
2026-04-14,19:45:25,37.425255,-122.159977,False,1,-75.0,-89.0,True,2026-04-14 19:45:25-07:00
2026-04-14,19:45:31,37.425251,-122.15998,False,1,-80.0,-91.0,True,2026-04-14 19:45:31-07:00
2026-04-14,19:45:31,37.425251,-122.15998,False,1,-80.0,-91.0,True,2026-04-14 19:45:31-07:00
2026-04-14,19:45:31,37.425251,-122.15998,False,1,null,null,False,2026-04-14 19:45:31-07:00
2026-04-14,19:45:37,37.425249,-122.15998,False,1,null,null,False,2026-04-14 19:45:37-07:00
2026-04-14,19:45:37,37.425249,-122.15998,False,1,-83.0,-89.0,True,2026-04-14 19:45:37-07:00
2026-04-14,19:45:37,37.425249,-122.15998,False,1,-83.0,-89.0,True,2026-04-14 19:45:37-07:00
2026-04-14,19:45:42,37.425249,-122.15998,False,1,-82.0,-94.0,True,2026-04-14 19:45:42-07:00
2026-04-14,19:45:42,37.425249,-122.15998,False,1,-79.0,-94.0,True,2026-04-14 19:45:42-07:00
2026-04-14,19:45:42,37.425249,-122.15998,False,1,-75.0,-94.0,True,2026-04-14 19:45:42-07:00
2026-04-14,19:45:52,37.425249,-122.15998,False,1,-76.0,-96.0,True,2026-04-14 19:45:52-07:00
2026-04-14,19:45:52,37.425249,-122.15998,False,1,-78.0,-96.0,True,2026-04-14 19:45:52-07:00
2026-04-14,19:45:52,37.425249,-122.15998,False,1,-80.0,-94.0,True,2026-04-14 19:45:52-07:00
2026-04-14,19:45:59,37.425566,-122.159822,False,1,-82.0,-92.0,True,2026-04-14 19:45:59-07:00
2026-04-14,19:45:59,37.425566,-122.159822,False,1,-82.0,-92.0,True,2026-04-14 19:45:59-07:00
2026-04-14,19:45:59,37.425566,-122.159822,False,1,-81.0,-92.0,True,2026-04-14 19:45:59-07:00
2026-04-14,19:46:05,37.425572,-122.159819,False,1,-80.0,-92.0,True,2026-04-14 19:46:05-07:00
2026-04-14,19:46:05,37.425572,-122.159819,False,1,-86.0,-92.0,True,2026-04-14 19:46:05-07:00
2026-04-14,19:46:05,37.425572,-122.159819,False,1,-85.0,-92.0,True,2026-04-14 19:46:05-07:00
2026-04-14,19:46:10,37.425569,-122.159821,False,1,-88.0,-92.0,True,2026-04-14 19:46:10-07:00
2026-04-14,19:46:10,37.425569,-122.159821,False,1,-88.0,-92.0,True,2026-04-14 19:46:10-07:00
2026-04-14,19:46:10,37.425569,-122.159821,False,1,-87.0,-92.0,True,2026-04-14 19:46:10-07:00
2026-04-14,19:46:17,37.425568,-122.159821,False,1,-86.0,-91.0,True,2026-04-14 19:46:17-07:00
2026-04-14,19:46:17,37.425568,-122.159821,False,1,-87.0,-91.0,True,2026-04-14 19:46:17-07:00
2026-04-14,19:46:17,37.425568,-122.159821,False,1,-87.0,-91.0,True,2026-04-14 19:46:17-07:00
2026-04-14,19:46:30,37.42571,-122.159793,False,1,-89.0,-93.0,True,2026-04-14 19:46:30-07:00
2026-04-14,19:46:30,37.42571,-122.159793,False,1,-90.0,-93.0,True,2026-04-14 19:46:30-07:00
2026-04-14,19:46:30,37.42571,-122.159793,False,1,-91.0,-93.0,True,2026-04-14 19:46:30-07:00
2026-04-14,19:46:36,37.425724,-122.159724,False,1,-86.0,-93.0,True,2026-04-14 19:46:36-07:00
2026-04-14,19:46:36,37.425724,-122.159724,False,1,-86.0,-93.0,True,2026-04-14 19:46:36-07:00
2026-04-14,19:46:36,37.425724,-122.159724,False,1,-87.0,-93.0,True,2026-04-14 19:46:36-07:00
2026-04-14,19:46:46,37.425899,-122.159564,False,1,-85.0,-95.0,True,2026-04-14 19:46:46-07:00
2026-04-14,19:46:46,37.425899,-122.159564,False,1,-87.0,-95.0,True,2026-04-14 19:46:46-07:00
2026-04-14,19:46:46,37.425899,-122.159564,False,1,-88.0,-95.0,True,2026-04-14 19:46:46-07:00
2026-04-14,19:46:51,37.425923,-122.159544,False,1,-84.0,-95.0,True,2026-04-14 19:46:51-07:00
2026-04-14,19:46:51,37.425923,-122.159544,False,1,-82.0,-95.0,True,2026-04-14 19:46:51-07:00
2026-04-14,19:46:51,37.425923,-122.159544,False,1,-85.0,-95.0,True,2026-04-14 19:46:51-07:00
2026-04-14,19:46:58,37.425917,-122.15955,False,1,-87.0,-93.0,True,2026-04-14 19:46:58-07:00
2026-04-14,19:46:58,37.425917,-122.15955,False,1,-86.0,-96.0,True,2026-04-14 19:46:58-07:00
2026-04-14,19:46:58,37.425917,-122.15955,False,1,-86.0,-96.0,True,2026-04-14 19:46:58-07:00
2026-04-14,19:47:02,37.425917,-122.159551,False,1,null,null,False,2026-04-14 19:47:02-07:00
2026-04-14,19:47:02,37.425917,-122.159551,False,1,null,null,False,2026-04-14 19:47:02-07:00
2026-04-14,19:47:02,37.425917,-122.159551,False,1,-86.0,-91.0,True,2026-04-14 19:47:02-07:00
2026-04-14,19:47:28,37.42660381979713,-122.1597673549602,False,1,null,null,False,2026-04-14 19:47:28-07:00
2026-04-14,19:47:28,37.42660381979713,-122.1597673549602,False,1,null,null,False,2026-04-14 19:47:28-07:00
2026-04-14,19:47:28,37.42660381979713,-122.1597673549602,False,1,null,null,False,2026-04-14 19:47:28-07:00
2026-04-14,19:48:07,37.42659451823829,-122.1597362191899,False,1,-93.0,-96.0,True,2026-04-14 19:48:07-07:00
2026-04-14,19:48:07,37.42659451823829,-122.1597362191899,False,1,-92.0,-96.0,True,2026-04-14 19:48:07-07:00
2026-04-14,19:48:07,37.42659451823829,-122.1597362191899,False,1,-92.0,-96.0,True,2026-04-14 19:48:07-07:00
2026-04-14,19:48:35,37.42648995716424,-122.1594866010395,False,1,-84.0,-95.0,True,2026-04-14 19:48:35-07:00
2026-04-14,19:48:35,37.42648995716424,-122.1594866010395,False,1,-86.0,-95.0,True,2026-04-14 19:48:35-07:00
2026-04-14,19:48:35,37.42648995716424,-122.1594866010395,False,1,-87.0,-95.0,True,2026-04-14 19:48:35-07:00
2026-04-14,19:48:59,37.42649837727983,-122.1591380954766,False,1,null,null,False,2026-04-14 19:48:59-07:00
2026-04-14,19:48:59,37.42649837727983,-122.1591380954766,False,1,null,null,False,2026-04-14 19:48:59-07:00
2026-04-14,19:48:59,37.42649837727983,-122.1591380954766,False,1,null,null,False,2026-04-14 19:48:59-07:00
2026-04-14,19:49:08,37.42653917764391,-122.1590670158721,False,1,null,null,False,2026-04-14 19:49:08-07:00
2026-04-14,19:49:08,37.42653917764391,-122.1590670158721,False,1,null,null,False,2026-04-14 19:49:08-07:00
2026-04-14,19:49:08,37.42653917764391,-122.1590670158721,False,1,null,null,False,2026-04-14 19:49:08-07:00
2026-04-14,19:49:26,37.426614621689,-122.1589068231379,False,1,null,null,False,2026-04-14 19:49:26-07:00
2026-04-14,19:49:26,37.426614621689,-122.1589068231379,False,1,null,null,False,2026-04-14 19:49:26-07:00
2026-04-14,19:49:26,37.426614621689,-122.1589068231379,False,1,null,null,False,2026-04-14 19:49:26-07:00
2026-04-14,19:50:42,37.42653281431405,-122.1584270430004,False,1,-88.0,-96.0,True,2026-04-14 19:50:42-07:00
2026-04-14,19:50:42,37.42653281431405,-122.1584270430004,False,1,-88.0,-96.0,True,2026-04-14 19:50:42-07:00
2026-04-14,19:50:42,37.42653281431405,-122.1584270430004,False,1,null,null,False,2026-04-14 19:50:42-07:00
2026-04-14,19:50:59,37.42650247182457,-122.1584171523546,False,1,null,null,False,2026-04-14 19:50:59-07:00
2026-04-14,19:50:59,37.42650247182457,-122.1584171523546,False,1,null,null,False,2026-04-14 19:50:59-07:00
2026-04-14,19:50:59,37.42650247182457,-122.1584171523546,False,1,null,null,False,2026-04-14 19:50:59-07:00
2026-04-14,19:51:19,37.42644291840254,-122.1581599955653,False,1,-93.0,-97.0,True,2026-04-14 19:51:19-07:00
2026-04-14,19:51:19,37.42644291840254,-122.1581599955653,False,1,null,null,False,2026-04-14 19:51:19-07:00
2026-04-14,19:51:19,37.42644291840254,-122.1581599955653,False,1,-89.0,-97.0,True,2026-04-14 19:51:19-07:00
2026-04-14,19:51:29,37.42644912101088,-122.1581257135814,False,1,-92.0,-97.0,True,2026-04-14 19:51:29-07:00
2026-04-14,19:51:29,37.42644912101088,-122.1581257135814,False,1,-90.0,-97.0,True,2026-04-14 19:51:29-07:00
2026-04-14,19:51:29,37.42644912101088,-122.1581257135814,False,1,-90.0,-97.0,True,2026-04-14 19:51:29-07:00
2026-04-14,19:52:00,37.42636593062191,-122.1579696425443,False,1,-92.0,-97.0,True,2026-04-14 19:52:00-07:00
2026-04-14,19:52:00,37.42636593062191,-122.1579696425443,False,1,-92.0,-97.0,True,2026-04-14 19:52:00-07:00
2026-04-14,19:52:00,37.42636593062191,-122.1579696425443,False,1,-92.0,-97.0,True,2026-04-14 19:52:00-07:00
2026-04-14,19:52:19,37.426151,-122.157835,False,1,-81.0,-97.0,True,2026-04-14 19:52:19-07:00
2026-04-14,19:52:19,37.426151,-122.157835,False,1,-75.0,-97.0,True,2026-04-14 19:52:19-07:00
2026-04-14,19:52:19,37.426151,-122.157835,False,1,-72.0,-97.0,True,2026-04-14 19:52:19-07:00
2026-04-14,19:52:26,37.426158,-122.157817,False,1,-77.0,-99.0,True,2026-04-14 19:52:26-07:00
2026-04-14,19:52:26,37.426158,-122.157817,False,1,-80.0,-99.0,True,2026-04-14 19:52:26-07:00
2026-04-14,19:52:26,37.426158,-122.157817,False,1,-83.0,-99.0,True,2026-04-14 19:52:26-07:00
2026-04-14,19:52:32,37.426156,-122.157818,False,1,-77.0,-99.0,True,2026-04-14 19:52:32-07:00
2026-04-14,19:52:32,37.426156,-122.157818,False,1,-76.0,-99.0,True,2026-04-14 19:52:32-07:00
2026-04-14,19:52:32,37.426156,-122.157818,False,1,-78.0,-99.0,True,2026-04-14 19:52:32-07:00
2026-04-14,19:52:37,37.426156,-122.157818,False,1,-76.0,-99.0,True,2026-04-14 19:52:37-07:00
2026-04-14,19:52:37,37.426156,-122.157818,False,1,-74.0,-99.0,True,2026-04-14 19:52:37-07:00
2026-04-14,19:52:37,37.426156,-122.157818,False,1,-76.0,-99.0,True,2026-04-14 19:52:37-07:00
2026-04-14,19:52:44,37.426156,-122.157818,False,1,-73.0,-99.0,True,2026-04-14 19:52:44-07:00
2026-04-14,19:52:44,37.426156,-122.157818,False,1,-71.0,-99.0,True,2026-04-14 19:52:44-07:00
2026-04-14,19:52:44,37.426156,-122.157818,False,1,-74.0,-99.0,True,2026-04-14 19:52:44-07:00
2026-04-14,19:52:48,37.426156,-122.157818,False,1,-81.0,-99.0,True,2026-04-14 19:52:48-07:00
2026-04-14,19:52:48,37.426156,-122.157818,False,1,-72.0,-99.0,True,2026-04-14 19:52:48-07:00
2026-04-14,19:52:48,37.426156,-122.157818,False,1,-68.0,-99.0,True,2026-04-14 19:52:48-07:00
2026-04-14,19:53:25,37.42671474352239,-122.1573829931413,False,1,null,null,False,2026-04-14 19:53:25-07:00
2026-04-14,19:53:25,37.42671474352239,-122.1573829931413,False,1,null,null,False,2026-04-14 19:53:25-07:00
2026-04-14,19:53:25,37.42671474352239,-122.1573829931413,False,1,null,null,False,2026-04-14 19:53:25-07:00
2026-04-14,19:53:46,37.42673737992343,-122.1573877810515,False,1,null,null,False,2026-04-14 19:53:46-07:00
2026-04-14,19:53:46,37.42673737992343,-122.1573877810515,False,1,null,null,False,2026-04-14 19:53:46-07:00
2026-04-14,19:53:46,37.42673737992343,-122.1573877810515,False,1,null,null,False,2026-04-14 19:53:46-07:00
2026-04-14,19:54:15,37.42695672292501,-122.1572442749741,False,1,null,null,False,2026-04-14 19:54:15-07:00
2026-04-14,19:54:15,37.42695672292501,-122.1572442749741,False,1,null,null,False,2026-04-14 19:54:15-07:00
2026-04-14,19:54:15,37.42695672292501,-122.1572442749741,False,1,null,null,False,2026-04-14 19:54:15-07:00
2026-04-14,19:54:28,37.42697110249399,-122.157246885451,False,1,null,null,False,2026-04-14 19:54:28-07:00
2026-04-14,19:54:28,37.42697110249399,-122.157246885451,False,1,null,null,False,2026-04-14 19:54:28-07:00
2026-04-14,19:54:28,37.42697110249399,-122.157246885451,False,1,null,null,False,2026-04-14 19:54:28-07:00
2026-04-14,19:54:54,37.42714315748389,-122.1570656884125,False,1,null,null,False,2026-04-14 19:54:54-07:00
2026-04-14,19:54:54,37.42714315748389,-122.1570656884125,False,1,null,null,False,2026-04-14 19:54:54-07:00
2026-04-14,19:54:54,37.42714315748389,-122.1570656884125,False,1,null,null,False,2026-04-14 19:54:54-07:00
2026-04-14,19:55:12,37.427212,-122.156908,False,1,-69.0,-93.0,True,2026-04-14 19:55:12-07:00
2026-04-14,19:55:12,37.427212,-122.156908,False,1,-70.0,-93.0,True,2026-04-14 19:55:12-07:00
2026-04-14,19:55:12,37.427212,-122.156908,False,1,-70.0,-93.0,True,2026-04-14 19:55:12-07:00
2026-04-14,19:55:16,37.427217,-122.156905,False,1,-71.0,-93.0,True,2026-04-14 19:55:16-07:00
2026-04-14,19:55:16,37.427217,-122.156905,False,1,-70.0,-93.0,True,2026-04-14 19:55:16-07:00
2026-04-14,19:55:16,37.427217,-122.156905,False,1,-68.0,-93.0,True,2026-04-14 19:55:16-07:00
2026-04-14,19:55:21,37.427209,-122.156884,False,1,-67.0,-93.0,True,2026-04-14 19:55:21-07:00
2026-04-14,19:55:21,37.427209,-122.156884,False,1,-71.0,-93.0,True,2026-04-14 19:55:21-07:00
2026-04-14,19:55:21,37.427209,-122.156884,False,1,-68.0,-95.0,True,2026-04-14 19:55:21-07:00
2026-04-14,19:55:26,37.427209,-122.156881,False,1,-70.0,-95.0,True,2026-04-14 19:55:26-07:00
2026-04-14,19:55:26,37.427209,-122.156881,False,1,-70.0,-95.0,True,2026-04-14 19:55:26-07:00
2026-04-14,19:55:26,37.427209,-122.156881,False,1,-72.0,-95.0,True,2026-04-14 19:55:26-07:00
2026-04-14,19:55:33,37.427209,-122.156878,False,1,-71.0,-95.0,True,2026-04-14 19:55:33-07:00
2026-04-14,19:55:33,37.427209,-122.156878,False,1,-70.0,-93.0,True,2026-04-14 19:55:33-07:00
2026-04-14,19:55:33,37.427209,-122.156878,False,1,-65.0,-93.0,True,2026-04-14 19:55:33-07:00
2026-04-14,19:55:39,37.427209,-122.156879,False,1,-66.0,-93.0,True,2026-04-14 19:55:39-07:00
2026-04-14,19:55:39,37.427209,-122.156879,False,1,-72.0,-95.0,True,2026-04-14 19:55:39-07:00
2026-04-14,19:55:39,37.427209,-122.156879,False,1,-77.0,-95.0,True,2026-04-14 19:55:39-07:00
2026-04-14,19:55:45,37.427209,-122.156879,False,1,-73.0,-95.0,True,2026-04-14 19:55:45-07:00
2026-04-14,19:55:45,37.427209,-122.156879,False,1,-75.0,-95.0,True,2026-04-14 19:55:45-07:00
2026-04-14,19:55:45,37.427209,-122.156879,False,1,-76.0,-95.0,True,2026-04-14 19:55:45-07:00
2026-04-14,19:56:03,37.426973,-122.15635,False,1,-83.0,-90.0,True,2026-04-14 19:56:03-07:00
2026-04-14,19:56:03,37.426973,-122.15635,False,1,-85.0,-90.0,True,2026-04-14 19:56:03-07:00
2026-04-14,19:56:03,37.426973,-122.15635,False,1,-87.0,-90.0,True,2026-04-14 19:56:03-07:00
2026-04-14,19:56:14,37.426956,-122.156311,False,1,-88.0,-93.0,True,2026-04-14 19:56:14-07:00
2026-04-14,19:56:14,37.426956,-122.156311,False,1,-88.0,-93.0,True,2026-04-14 19:56:14-07:00
2026-04-14,19:56:14,37.426956,-122.156311,False,1,-88.0,-96.0,True,2026-04-14 19:56:14-07:00
2026-04-14,19:56:29,37.42733535273363,-122.1564418618949,False,1,-78.0,-93.0,True,2026-04-14 19:56:29-07:00
2026-04-14,19:56:29,37.42733535273363,-122.1564418618949,False,1,-80.0,-93.0,True,2026-04-14 19:56:29-07:00
2026-04-14,19:56:29,37.42733535273363,-122.1564418618949,False,1,-81.0,-93.0,True,2026-04-14 19:56:29-07:00
2026-04-14,19:56:38,37.427009,-122.156406,False,1,-75.0,-96.0,True,2026-04-14 19:56:38-07:00
2026-04-14,19:56:38,37.427009,-122.156406,False,1,-85.0,-96.0,True,2026-04-14 19:56:38-07:00
2026-04-14,19:56:38,37.427009,-122.156406,False,1,-83.0,-96.0,True,2026-04-14 19:56:38-07:00
2026-04-14,19:56:44,37.427012,-122.156409,False,1,-81.0,-96.0,True,2026-04-14 19:56:44-07:00
2026-04-14,19:56:44,37.427012,-122.156409,False,1,-80.0,-96.0,True,2026-04-14 19:56:44-07:00
2026-04-14,19:56:44,37.427012,-122.156409,False,1,-81.0,-93.0,True,2026-04-14 19:56:44-07:00
