2026-04-18T14:53:52-07:00,1,37.42766390849643,-122.1558743834086,30.472576323394
2026-04-18T14:53:57-07:00,2,37.42766392129206,-122.1558743776043,30.472576323394
2026-04-18T14:54:02-07:00,3,37.42766392129213,-122.1558743776042,30.472576323394
2026-04-18T19:06:55-07:00,1,37.42884171172093,-122.1723048223632,38.002576323394
2026-04-18T19:07:11-07:00,2,37.42883099314101,-122.1722969385999,38.002576323394
2026-04-18T19:07:26-07:00,3,37.42897051737199,-122.1723548594814,38.002576323394
2026-04-18T19:07:41-07:00,4,37.42914126830085,-122.1725080370106,38.002576323394
2026-04-18T19:07:56-07:00,5,37.42913444076677,-122.1725150537983,28.8946800231934
2026-04-18T19:08:11-07:00,6,37.42911116513858,-122.1725841183592,35.892576323394
2026-04-18T19:08:26-07:00,7,37.42910355161289,-122.1725968861839,33.952576323394
2026-04-18T19:08:39-07:00,8,37.42936644621852,-122.1725098768657,28.258358001709
2026-04-18T19:08:44-07:00,9,37.42936644621852,-122.1725098768657,28.258358001709
2026-04-18T19:08:59-07:00,10,37.4293216548305,-122.1719793869647,41.8305015563965
2026-04-18T19:09:14-07:00,11,37.42929905103809,-122.171852616897,31.8331680301744
2026-04-18T19:09:25-07:00,12,37.42967435162275,-122.1722415090745,28.0491600036621
2026-04-18T19:10:23-07:00,1,37.42982604070336,-122.1722755049836,28.7595481872559
2026-04-18T19:10:28-07:00,2,37.42982604070336,-122.1722755049836,28.7595481872559
2026-04-18T19:10:37-07:00,3,37.42994156261093,-122.1721470878772,29.1938743591309
2026-04-18T19:10:44-07:00,4,37.43003741375863,-122.1720583644902,27.6491966247559
2026-04-18T19:10:49-07:00,5,37.43003741375863,-122.1720583644902,27.6491966247559
2026-04-18T19:10:56-07:00,6,37.43007437795161,-122.1720767208581,35.5768394470215
2026-04-18T19:11:01-07:00,7,37.43007437795161,-122.1720767208581,35.5768394470215
2026-04-18T19:11:07-07:00,8,37.43008165029967,-122.1720923046198,21.4329856880635
2026-04-18T19:11:12-07:00,9,37.43019822057097,-122.1720619687086,31.8893089294434
2026-04-18T19:11:17-07:00,10,37.43019822057097,-122.1720619687086,31.8893089294434
2026-04-18T19:11:23-07:00,11,37.43030169516562,-122.1720861085897,39.7736473083496
2026-04-18T19:11:28-07:00,12,37.43030169516562,-122.1720861085897,39.7736473083496
2026-04-18T19:11:35-07:00,13,37.43037248033791,-122.1720342246091,28.5985679626465
2026-04-18T19:11:41-07:00,14,37.43047784572773,-122.1720868224194,32.3188438415527
2026-04-18T19:11:46-07:00,15,37.43047784572773,-122.1720868224194,32.3188438415527
2026-04-18T19:12:00-07:00,16,37.43074652276694,-122.1720957477783,25.319393157959
2026-04-18T19:12:05-07:00,17,37.43074652276694,-122.1720957477783,25.319393157959
2026-04-18T19:12:13-07:00,18,37.43084656078129,-122.1719850228374,26.180965423584
2026-04-18T19:12:18-07:00,19,37.43084656078129,-122.1719850228374,26.180965423584
2026-04-18T19:12:25-07:00,20,37.43099349554389,-122.1720515751486,21.5084190368652
2026-04-18T19:12:30-07:00,21,37.43099349554389,-122.1720515751486,21.5084190368652
2026-04-18T19:12:35-07:00,22,37.43098985378081,-122.1720529924989,21.5084031829808
2026-04-18T19:12:40-07:00,23,37.43099083118011,-122.1720521756698,27.7637351751663
2026-04-18T19:12:45-07:00,24,37.43098989502784,-122.1720674366392,27.7637351751663
2026-04-18T19:12:50-07:00,25,37.43099152579664,-122.1721618809944,26.1750755310059
2026-04-18T19:12:56-07:00,26,37.43099202012178,-122.1721662184878,23.35504317869
2026-04-18T19:13:03-07:00,27,37.43095844645263,-122.1723207549667,27.5566062927246
2026-04-18T19:13:08-07:00,28,37.43095844645263,-122.1723207549667,27.5566062927246
2026-04-18T19:13:16-07:00,29,37.43108072515134,-122.1724457804595,27.2319297790527
2026-04-18T19:13:21-07:00,30,37.43108072515134,-122.1724457804595,27.2319297790527
2026-04-18T19:13:27-07:00,31,37.43111046500265,-122.1725750250017,24.9733848571777
2026-04-18T19:13:33-07:00,32,37.43111046500265,-122.1725750250017,24.9733848571777
2026-04-18T19:13:39-07:00,33,37.43124340198695,-122.1725704149549,26.5683250427246
2026-04-18T19:13:44-07:00,34,37.43122863266413,-122.1725831557306,26.6930255344591
2026-04-18T19:13:49-07:00,35,37.43118480657903,-122.1725798641578,26.6930369785509
2026-04-18T19:13:54-07:00,36,37.43114114276825,-122.1726258193349,23.0451927185059
2026-04-18T19:14:04-07:00,37,37.43117596957593,-122.1727775317823,27.035457611084
2026-04-18T19:14:09-07:00,38,37.43117596957593,-122.1727775317823,27.035457611084
2026-04-18T19:14:23-07:00,39,37.43102906486364,-122.1729151760335,28.5876426696777
2026-04-18T19:14:28-07:00,40,37.43102906486364,-122.1729151760335,28.5876426696777
2026-04-18T19:14:33-07:00,41,37.43102906486364,-122.1729151760335,28.5876426696777
2026-04-18T19:14:38-07:00,42,37.43104036679095,-122.172960399211,26.7328514099121
2026-04-18T19:14:43-07:00,43,37.43103769137365,-122.1729660835064,22.4
2026-04-18T19:14:48-07:00,44,37.4309351155883,-122.1729586647099,29.4152488708496
2026-04-18T19:14:54-07:00,45,37.43095057534975,-122.1729544232912,29.4152488708496
2026-04-18T19:14:59-07:00,46,37.43094185961741,-122.1729378527763,29.4351408442184
2026-04-18T19:15:04-07:00,47,37.43077162656694,-122.1728236322498,30.4369468688965
2026-04-18T19:15:09-07:00,48,37.43077162656694,-122.1728236322498,30.4369468688965
2026-04-18T19:15:14-07:00,49,37.43079363553026,-122.1728281815246,30.4711281603174
2026-04-18T19:15:19-07:00,50,37.43075568663209,-122.1728354886284,22.405767011926
2026-04-18T19:15:25-07:00,51,37.43075568663209,-122.1728354886284,22.405767011926
2026-04-18T19:15:40-07:00,52,37.43087003481313,-122.1728430858227,26.7325119018555
2026-04-18T19:15:45-07:00,53,37.43088497094232,-122.1728443218351,34.1132781109579
2026-04-18T19:15:50-07:00,54,37.43088495344614,-122.1728442167526,34.1146418652304
2026-04-18T19:15:55-07:00,55,37.4308849535166,-122.1728442167586,34.1132781109579
2026-04-18T19:16:00-07:00,56,37.43088495358644,-122.1728442167646,34.1132781109579
2026-04-18T19:16:06-07:00,57,37.43088904517171,-122.1728445674338,34.1132781109579
2026-04-18T19:16:11-07:00,58,37.43089268158992,-122.1728448790929,34.1132781109579
2026-04-18T19:16:16-07:00,59,37.43089268164518,-122.1728448790977,34.1132781109579
2026-04-18T19:16:21-07:00,60,37.43089268170202,-122.1728448791025,34.1132781109579
2026-04-18T19:16:26-07:00,61,37.43089268175866,-122.1728448791074,34.1132781109579
2026-04-18T19:16:31-07:00,62,37.43089268181671,-122.1728448791124,34.1132781109579
2026-04-18T19:16:36-07:00,63,37.43089268187336,-122.1728448791172,34.1132781109579
2026-04-18T19:16:42-07:00,64,37.43089560966797,-122.1728453811749,34.1132781109579
2026-04-18T19:16:49-07:00,65,37.43047255504504,-122.1729282314244,27.3091087341309
2026-04-18T19:16:54-07:00,66,37.43046278898257,-122.1729339393277,27.3055086203252
2026-04-18T19:17:02-07:00,67,37.43044844708835,-122.1730234269811,28.3349876403809
2026-04-18T19:17:07-07:00,68,37.43044844708835,-122.1730234269811,28.3349876403809
2026-04-18T19:17:15-07:00,69,37.43045601938193,-122.1730770763872,29.4094505310059
2026-04-18T19:17:20-07:00,70,37.43045601938193,-122.1730770763872,29.4094505310059
2026-04-18T19:17:28-07:00,71,37.43052188776194,-122.1732546297108,34.5592308044434
2026-04-18T19:17:33-07:00,72,37.43052188776194,-122.1732546297108,34.5592308044434
2026-04-18T19:17:38-07:00,73,37.43053282196688,-122.1732983667118,33.4423909587236
2026-04-18T19:17:43-07:00,74,37.4305324741726,-122.1733072898511,37.6901107305486
2026-04-18T19:17:51-07:00,75,37.43060956246912,-122.1735607368147,29.7747459411621
2026-04-18T19:17:56-07:00,76,37.43060956246912,-122.1735607368147,29.7747459411621
2026-04-18T19:18:01-07:00,77,37.43059939774482,-122.1735290418938,29.7974217476162
2026-04-18T19:18:06-07:00,78,37.43059429262993,-122.1735181475917,36.605614748794
2026-04-18T19:18:14-07:00,79,37.43054038979331,-122.173738046326,28.714900970459
2026-04-18T19:18:19-07:00,80,37.43054038979331,-122.173738046326,28.714900970459
2026-04-18T19:18:26-07:00,81,37.43051257420713,-122.1739598207595,26.7830772399902
2026-04-18T19:18:31-07:00,82,37.43045295208375,-122.1739728805927,27.345516204834
2026-04-18T19:18:36-07:00,83,37.43039261636239,-122.1739684497063,27.5949058532715
2026-04-18T19:18:41-07:00,84,37.4303853046499,-122.1739625652527,27.5123558277264
2026-04-18T19:18:46-07:00,85,37.43039448283387,-122.1739657503759,27.8996238932014
2026-04-18T19:18:51-07:00,86,37.43040709759814,-122.1739670914804,27.563533806242
2026-04-18T19:18:57-07:00,87,37.43040582770069,-122.1739664863959,26.6281090164557
2026-04-18T19:19:02-07:00,88,37.4303420336609,-122.1739334991855,29.1613672077656
2026-04-18T19:19:07-07:00,89,37.43031539665215,-122.1739077458259,29.6047285832465
2026-04-18T19:19:12-07:00,90,37.43029752193588,-122.1738748342712,29.802027516067
2026-04-18T19:19:17-07:00,91,37.43027807799758,-122.1738183406155,29.5569253731519
2026-04-18T19:19:22-07:00,92,37.43025601491627,-122.1737673768905,28.8560405867174
2026-04-18T19:19:27-07:00,93,37.43025094094839,-122.1737300602157,29.1366248698905
2026-04-18T19:19:33-07:00,94,37.43025411875759,-122.1736886888121,29.9835881367326
2026-04-18T19:19:38-07:00,95,37.43022988894931,-122.1736680781967,29.9234926542267
2026-04-18T19:19:43-07:00,96,37.43020131467041,-122.1736343919655,29.4183380464092
2026-04-18T19:19:48-07:00,97,37.43020306701099,-122.1736420077909,29.3220729297027
2026-04-18T19:19:53-07:00,98,37.43022839517858,-122.1735982808241,29.5033262390643
2026-04-18T19:19:58-07:00,99,37.43025225934185,-122.1735834423315,29.3181720757857
2026-04-18T19:20:14-07:00,100,37.4302069158676,-122.1735762718891,30.5460560452193
2026-04-18T19:20:29-07:00,101,37.43026716431552,-122.1737882682239,29.7082739947364
2026-04-18T19:20:39-07:00,102,37.43030322137795,-122.1738888925272,30.2532079685479
2026-04-18T19:20:44-07:00,103,37.43028163315181,-122.1739442809363,29.1380940703675
2026-04-18T19:20:49-07:00,104,37.43025401560843,-122.1739746726891,29.0539072835818
2026-04-18T19:20:54-07:00,105,37.43017766597727,-122.1739781546768,28.9122554250062
2026-04-18T19:20:59-07:00,106,37.43012812774361,-122.173990299122,28.8874670574442
2026-04-18T19:21:04-07:00,107,37.43010300053137,-122.1739861299112,27.9637070959434
2026-04-18T19:21:10-07:00,108,37.43010247597145,-122.1740062145611,27.651703203097
2026-04-18T19:21:15-07:00,109,37.43009255595349,-122.1740078606554,27.3859349964187
2026-04-18T19:21:20-07:00,110,37.43009291278776,-122.1740104192615,28.0004820823669
2026-04-18T19:21:35-07:00,111,37.43006945487474,-122.1740042113105,29.1133942278102
2026-04-18T19:21:42-07:00,112,37.43002161057072,-122.1740365532104,28.5232070991769
2026-04-18T19:21:47-07:00,113,37.42998281596811,-122.1740556549677,28.5171334808692
2026-04-18T19:21:52-07:00,114,37.42994311800388,-122.1740416608769,29.1659213891253
2026-04-18T19:21:57-07:00,115,37.42993258354636,-122.173997199648,29.4033543085679
2026-04-18T19:22:02-07:00,116,37.42993258354636,-122.173997199648,29.4033543085679
2026-04-18T19:22:07-07:00,117,37.42991892244066,-122.1740008569986,26.6197395469697
2026-04-18T19:22:22-07:00,118,37.42994680538534,-122.1737381817048,29.0541038513184
2026-04-18T19:22:27-07:00,119,37.42994680538534,-122.1737381817048,29.0541038513184
2026-04-18T19:22:40-07:00,120,37.42984525756151,-122.1735700856651,29.2205467224121
2026-04-18T19:22:45-07:00,121,37.42985615510254,-122.1734953579699,27.5234031677246
2026-04-18T19:22:50-07:00,122,37.42986863798901,-122.1734440693007,27.4177208775654
2026-04-18T19:22:55-07:00,123,37.42986863798901,-122.1734440693007,27.4177208775654
2026-04-18T19:23:10-07:00,124,37.42985547460521,-122.1733741207427,29.6059874858258
2026-04-18T19:23:25-07:00,125,37.42989665257877,-122.1733945260509,31.6033239619229
2026-04-18T19:23:41-07:00,126,37.42990898628175,-122.1733553492705,28.2149925231934
2026-04-18T19:23:46-07:00,127,37.42993193311638,-122.1733154343444,27.9067649841309
2026-04-18T19:24:01-07:00,128,37.42986354718958,-122.1733593197327,27.9443629616871
2026-04-18T19:24:16-07:00,129,37.4299353868145,-122.1731110747994,28.4689389873245
2026-04-18T19:24:31-07:00,130,37.42997920036833,-122.1733744292498,28.4685628306961
2026-04-18T19:24:47-07:00,131,37.43003039349155,-122.1737850011029,27.0057945251465
2026-04-18T19:25:02-07:00,132,37.42997755103483,-122.1736077385733,26.3400535583496
2026-04-18T19:25:17-07:00,133,37.4300414804362,-122.1738376934153,28.6196763703078
2026-04-18T19:25:32-07:00,134,37.43008039994646,-122.1738442811718,28.6504934419331
2026-04-18T19:25:47-07:00,135,37.42999533291808,-122.1738092252849,28.6568334901971
2026-04-18T19:26:03-07:00,136,37.4299666710025,-122.1735792680006,28.7272358063512
2026-04-18T19:26:18-07:00,137,37.42980812895227,-122.1732969990571,28.800967033225
2026-04-18T19:26:33-07:00,138,37.42982656541889,-122.1732820537478,28.800967033225
2026-04-18T19:26:48-07:00,139,37.42977671740273,-122.1732533899997,28.800967033225
2026-04-18T19:27:04-07:00,140,37.42994533855229,-122.1730972175693,27.113338470459
2026-04-18T19:27:19-07:00,141,37.42989538761337,-122.1731417057774,25.9110534742651
2026-04-18T19:27:34-07:00,142,37.42992228106856,-122.1730583722902,26.4262351989746
2026-04-18T19:27:39-07:00,143,37.42992228106856,-122.1730583722902,26.4262351989746
2026-04-18T19:27:44-07:00,144,37.42989343671289,-122.1730595531722,24.8311393812475
2026-04-18T19:27:49-07:00,145,37.42977593610829,-122.173042281874,28.2546348571777
2026-04-18T19:27:55-07:00,146,37.42975065989432,-122.1730360977613,26.7338756561279
2026-04-18T19:28:01-07:00,147,37.42961224172025,-122.1731033363586,30.5213584899902
2026-04-18T19:28:12-07:00,148,37.42954363304207,-122.1730877540177,22.8762168884277
2026-04-18T19:28:17-07:00,149,37.42953687678713,-122.1731039920576,27.9586697787119
2026-04-18T19:28:31-07:00,150,37.42938030515111,-122.1732000376361,28.8947105407715
2026-04-18T19:28:36-07:00,151,37.42938030515111,-122.1732000376361,28.8947105407715
2026-04-18T19:28:44-07:00,152,37.42932642010871,-122.1732708073177,28.9155235290527
2026-04-18T19:28:52-07:00,153,37.42932787941476,-122.1731700825766,28.5801963806152
2026-04-18T19:28:57-07:00,154,37.42932787941476,-122.1731700825766,28.5801963806152
2026-04-18T19:29:12-07:00,155,37.42923208200952,-122.173079176164,27.7995262145996
2026-04-18T19:29:17-07:00,156,37.4292125227478,-122.173034469217,27.0368614196777
2026-04-18T19:29:22-07:00,157,37.42920324675499,-122.1730302461629,26.5889854431152
2026-04-18T19:29:27-07:00,158,37.4292407388097,-122.1730654315453,26.3846064256359
2026-04-18T19:29:43-07:00,159,37.42919202684312,-122.1729966408227,27.3507652282715
2026-04-18T19:29:54-07:00,160,37.42923780025966,-122.1730040129713,29.5680809020996
2026-04-18T19:29:59-07:00,161,37.42923780025966,-122.1730040129713,29.5680809020996
2026-04-18T19:30:14-07:00,162,37.42939946710824,-122.1728644521182,28.4107322692871
2026-04-18T19:30:29-07:00,163,37.42948563307298,-122.1729001590257,29.6266441559419
2026-04-18T19:30:44-07:00,164,37.42947536524146,-122.1731023305302,29.1439476013184
2026-04-18T19:30:55-07:00,165,37.42930062769281,-122.1731172256915,31.1445274828002
2026-04-18T19:31:00-07:00,166,37.42907064504696,-122.173019684965,29.7394066099077
2026-04-18T19:31:06-07:00,167,37.42908683940923,-122.1730528215701,29.594112444669
2026-04-18T19:31:11-07:00,168,37.42908763810712,-122.1730397036683,28.7193260984495
2026-04-18T19:31:26-07:00,169,37.42915033995083,-122.1730028368152,31.5368517329916
2026-04-18T19:31:41-07:00,170,37.42923533427734,-122.1729475900862,30.882476741448
2026-04-18T19:31:56-07:00,171,37.42920861293288,-122.1728535398959,27.9574811356142
2026-04-18T19:32:11-07:00,172,37.42930678251981,-122.1729522565757,28.3711736250383
2026-04-18T19:32:27-07:00,173,37.42912271191729,-122.1729828263814,29.0815351521596
2026-04-18T19:32:42-07:00,174,37.42917617816024,-122.1729199015135,29.0605156458914
2026-04-18T19:32:57-07:00,175,37.42916165016289,-122.172974646694,27.9844588446973
2026-04-18T19:33:12-07:00,176,37.4294039469078,-122.1730697143958,27.9696354880562
2026-04-18T19:33:27-07:00,177,37.42918385207873,-122.1729907324421,28.5281674927101
2026-04-18T19:33:33-07:00,178,37.42917993645706,-122.1729376512882,29.2246442222968
2026-04-18T19:33:38-07:00,179,37.42920565949407,-122.1729090073563,29.870489786379
2026-04-18T19:33:43-07:00,180,37.42920565949407,-122.1729090073563,29.870489786379
2026-04-18T19:33:53-07:00,181,37.42928643714397,-122.1728090477382,31.5145530700684
2026-04-18T19:33:58-07:00,182,37.42928643714397,-122.1728090477382,31.5145530700684
2026-04-18T19:34:08-07:00,183,37.42928538940608,-122.1726114024615,30.1340599060059
2026-04-18T19:34:13-07:00,184,37.42928538940608,-122.1726114024615,30.1340599060059
2026-04-18T19:34:18-07:00,185,37.42935604116222,-122.1725646471404,27.7969932556152
2026-04-18T19:34:23-07:00,186,37.42939091756701,-122.1725668107366,28.6514549255371
2026-04-18T19:34:29-07:00,187,37.42939556952327,-122.1725640447085,28.072566986084
2026-04-18T19:34:35-07:00,188,37.42947301830857,-122.1725134180134,25.2740745544434
2026-04-18T19:34:40-07:00,189,37.42947301830857,-122.1725134180134,25.2740745544434
2026-04-18T19:34:50-07:00,190,37.4295767024508,-122.1724751965349,22.3339195251465
2026-04-18T19:34:55-07:00,191,37.4295767024508,-122.1724751965349,22.3339195251465
2026-04-18T19:35:04-07:00,192,37.4295476172468,-122.172311665604,25.5436973571777
2026-04-18T19:35:09-07:00,193,37.42953030861675,-122.1722531599199,25.0110130310059
2026-04-18T19:35:14-07:00,194,37.4295303774644,-122.1721880495511,24.7385522052646
2026-04-18T19:35:19-07:00,195,37.42953028315532,-122.1721296551572,24.8152123428881
2026-04-18T19:35:24-07:00,196,37.42951434545579,-122.1720719842257,25.5266381530091
2026-04-18T19:35:29-07:00,197,37.429504845389,-122.1720255536845,26.7572594592348
2026-04-18T19:35:35-07:00,198,37.42951715455196,-122.1719313288813,26.9115115301684
2026-04-18T19:35:40-07:00,199,37.42954444257526,-122.1718983591648,25.7771652191877
2026-04-18T19:35:45-07:00,200,37.4295813723697,-122.1718899691629,25.5097663123161
2026-04-18T19:35:50-07:00,201,37.42961895681243,-122.1718739854256,25.3902658680454
2026-04-18T19:35:55-07:00,202,37.42962013248643,-122.17190303299,25.6816182732582
2026-04-18T19:36:00-07:00,203,37.42958797523541,-122.1720905468404,26.1792202563956
2026-04-18T19:36:06-07:00,204,37.42958485259271,-122.1723106502912,26.3634062036872
2026-04-18T19:36:11-07:00,205,37.42959745208493,-122.1723170761261,26.4870141772553
2026-04-18T19:36:26-07:00,206,37.4296445539571,-122.1722947341596,26.2948570474982
2026-04-18T19:36:41-07:00,207,37.42974788037623,-122.1717284796025,26.9655717560409
2026-04-18T19:36:56-07:00,208,37.42989912683215,-122.1717643263931,22.2237577795952
2026-04-18T19:37:12-07:00,209,37.42995466809392,-122.1714905305927,26.3850165937195
2026-04-18T19:37:27-07:00,210,37.42995680808654,-122.1716234304984,26.4789786282201
2026-04-18T19:37:42-07:00,211,37.43000038655144,-122.1715305311807,26.3749118686178
2026-04-18T19:37:57-07:00,212,37.43006094351943,-122.1715487687284,26.4113387333082
2026-04-18T19:38:12-07:00,213,37.43004996759943,-122.1715396794336,21.6811466536355
2026-04-18T19:38:28-07:00,214,37.43004490595249,-122.1715487108788,26.4707912554149
2026-04-18T19:38:43-07:00,215,37.42999453214863,-122.17177231237,26.4000324547249
2026-04-18T19:38:58-07:00,216,37.42995730895718,-122.1718190802072,26.5577873973053
2026-04-18T19:39:13-07:00,217,37.43019647825759,-122.171789225755,26.4336680666385
2026-04-18T19:39:29-07:00,218,37.43027599866688,-122.1718369544116,26.4577674492166
2026-04-18T19:39:44-07:00,219,37.43008491195627,-122.1717987622549,26.4516113637198
2026-04-18T19:39:59-07:00,220,37.42999337856784,-122.1718439052326,28.1412828003547
2026-04-18T19:40:14-07:00,221,37.42996660997457,-122.1718181498559,27.4690868131101
2026-04-18T19:40:29-07:00,222,37.4298713472815,-122.1718915593179,29.1979912262369
2026-04-18T19:40:45-07:00,223,37.42990235925618,-122.1718616631484,31.0679824036274
2026-04-18T19:41:00-07:00,224,37.4299313608543,-122.1718483154138,30.9452277828743
2026-04-18T19:41:15-07:00,225,37.42994373809885,-122.1718380172933,31.0846048551661
2026-04-18T19:41:21-07:00,226,37.42992795854221,-122.171805721093,31.0481167377622
2026-04-18T19:41:26-07:00,227,37.42992795854221,-122.171805721093,31.0481167377622
2026-04-18T19:41:31-07:00,228,37.42994798639397,-122.1718182149504,31.0790197490128
2026-04-18T19:41:46-07:00,229,37.42988524175691,-122.1718915702838,31.0827349772198
2026-04-18T19:42:02-07:00,230,37.43012649099132,-122.1719077740132,31.0831507792218
2026-04-18T19:42:17-07:00,231,37.43014864667534,-122.1718438043684,31.0832423319562
2026-04-18T19:42:32-07:00,232,37.43008441652395,-122.1718404726081,31.0831336130841
2026-04-18T19:42:47-07:00,233,37.43003156174387,-122.1718458013368,31.0830382456525
2026-04-18T19:43:02-07:00,234,37.4299876410251,-122.1718053762394,31.0072240602493
2026-04-18T19:43:17-07:00,235,37.42999733644312,-122.1718189819237,30.9615754303999
2026-04-18T19:43:33-07:00,236,37.42996161467638,-122.1716161625905,30.9616975007124
2026-04-18T19:43:48-07:00,237,37.42994645663735,-122.1715110475223,30.939647136588
2026-04-18T19:44:03-07:00,238,37.43005764685041,-122.1714895762215,30.9398607596349
2026-04-18T19:44:18-07:00,239,37.42996115670676,-122.1716811998384,30.8340996544002
2026-04-18T19:44:33-07:00,240,37.42994084102354,-122.1718282380934,30.8026844302295
2026-04-18T19:49:35-07:00,1,37.42993612375596,-122.1716109739865,20.131844329834
2026-04-18T20:05:30-07:00,1,37.42984140295296,-122.1719805804288,26.1027183532715
2026-04-18T20:05:38-07:00,2,37.42980826510267,-122.1720130964782,24.861873649992
2026-04-18T20:05:43-07:00,3,37.4298094971843,-122.1720121900871,25.3317222837359
2026-04-18T20:05:48-07:00,4,37.42980788203498,-122.1720148534931,25.6717796549201
2026-04-18T20:05:53-07:00,5,37.42980164192293,-122.1719927078881,27.1918602399528
2026-04-18T20:06:08-07:00,6,37.42981517872724,-122.1719957993731,28.4875334696844
2026-04-18T20:06:19-07:00,7,37.42981517872724,-122.1719957993731,28.4875334696844
2026-04-18T20:06:26-07:00,8,37.42975729055463,-122.1721198038404,26.7990074157715
2026-04-18T20:06:31-07:00,9,37.42975729055463,-122.1721198038404,26.7990074157715
2026-04-18T20:06:39-07:00,10,37.42975917648285,-122.172187278161,28.1174278259277
2026-04-18T20:06:44-07:00,11,37.42975917648285,-122.172187278161,28.1174278259277
2026-04-18T20:06:55-07:00,12,37.42989454421907,-122.1722684988027,30.0413475036621
2026-04-18T20:07:00-07:00,13,37.42996264718234,-122.172213848794,33.8718528747559
2026-04-18T20:07:05-07:00,14,37.43002513427048,-122.1721703467166,36.7452354431152
2026-04-18T20:07:10-07:00,15,37.43006662672486,-122.1721316328002,39.3040124159306
2026-04-18T20:07:15-07:00,16,37.43009513933123,-122.172108595112,38.5276451762766
2026-04-18T20:07:21-07:00,17,37.43009513933123,-122.172108595112,38.5276451762766
2026-04-18T20:07:32-07:00,18,37.4303264636895,-122.1721671615934,36.4822654724121
2026-04-18T20:07:37-07:00,19,37.43037507872789,-122.1721365676468,35.5064659118652
2026-04-18T20:07:42-07:00,20,37.43043069265543,-122.1720907186364,33.408748626709
2026-04-18T20:07:47-07:00,21,37.43048301839544,-122.1720589880611,32.9224511599168
2026-04-18T20:07:53-07:00,22,37.43054069612429,-122.1720237365782,33.6312219519168
2026-04-18T20:07:58-07:00,23,37.43060437345848,-122.1719807819828,31.9832421950996
2026-04-18T20:08:03-07:00,24,37.43063033857992,-122.1719507178175,26.5008329302073
2026-04-18T20:08:08-07:00,25,37.43067970552515,-122.1719384918959,26.4116667937487
2026-04-18T20:08:13-07:00,26,37.43073546543502,-122.1719128422591,27.316223314032
2026-04-18T20:08:18-07:00,27,37.43078058810791,-122.1718820440432,27.9925296418369
2026-04-18T20:08:24-07:00,28,37.43082704444356,-122.1718733471498,27.4659825731069
2026-04-18T20:08:29-07:00,29,37.43089316570475,-122.1718704323038,27.0171270137653
2026-04-18T20:08:34-07:00,30,37.4309239527857,-122.1718588005434,26.5303627280518
2026-04-18T20:08:39-07:00,31,37.43096732334177,-122.1718548984058,25.8901475677267
2026-04-18T20:08:44-07:00,32,37.43100884837217,-122.1718470680216,25.9349268628284
2026-04-18T20:08:50-07:00,33,37.43104011809528,-122.1718432057901,26.4045826811343
2026-04-18T20:08:55-07:00,34,37.43107485666054,-122.1718481619738,26.0925730848685
2026-04-18T20:09:00-07:00,35,37.43111211410556,-122.1718172934329,26.0574714560062
2026-04-18T20:09:05-07:00,36,37.43112082462285,-122.1717563384024,26.941349921748
2026-04-18T20:09:10-07:00,37,37.43112142716737,-122.1717000850385,26.9333097338676
2026-04-18T20:09:16-07:00,38,37.43110284205009,-122.1716273038134,27.1540490277112
2026-04-18T20:09:21-07:00,39,37.43108502475975,-122.1715541412761,26.5371775347739
2026-04-18T20:09:26-07:00,40,37.4310831038254,-122.171501205197,26.5848561553285
2026-04-18T20:09:31-07:00,41,37.43106103669623,-122.1714550535862,25.7447894327342
2026-04-18T20:09:36-07:00,42,37.43105687063057,-122.1713624106809,25.851279062219
2026-04-18T20:09:41-07:00,43,37.4310340875444,-122.171281755919,26.1136887324974
2026-04-18T20:09:47-07:00,44,37.43102513230832,-122.1711981636838,26.1650784695521
2026-04-18T20:09:52-07:00,45,37.43099693534531,-122.1711415511076,25.5941091552377
2026-04-18T20:09:57-07:00,46,37.43098509918438,-122.1710607082601,25.7934819692746
2026-04-18T20:10:02-07:00,47,37.43093818275288,-122.1710184713567,24.6756137926132
2026-04-18T20:10:08-07:00,48,37.430890580549,-122.1710209183555,25.7378113940358
2026-04-18T20:10:13-07:00,49,37.43082796647327,-122.1710328240352,26.4305332461372
2026-04-18T20:10:18-07:00,50,37.43077896580145,-122.1710489528692,26.8925054632127
2026-04-18T20:10:23-07:00,51,37.43072555923694,-122.1710590648675,26.89875894133
2026-04-18T20:10:28-07:00,52,37.43068331570446,-122.1710653981353,26.3274188768119
2026-04-18T20:10:34-07:00,53,37.43060345527816,-122.1711009130088,26.5347651373595
2026-04-18T20:10:39-07:00,54,37.43055327449734,-122.1711167676249,26.3151204297319
2026-04-18T20:10:44-07:00,55,37.43050024358099,-122.1711289357428,26.3269214434549
2026-04-18T20:10:49-07:00,56,37.43045093329695,-122.1711583289322,26.4798816367984
2026-04-18T20:10:54-07:00,57,37.43039724647011,-122.1711716360385,26.2667364580557
2026-04-18T20:10:59-07:00,58,37.43034068027618,-122.1711885994447,27.194225740619
2026-04-18T20:11:05-07:00,59,37.4302907658647,-122.171217753928,26.6968855829909
2026-04-18T20:11:10-07:00,60,37.43022738075489,-122.1712182518307,27.1039892937988
2026-04-18T20:11:15-07:00,61,37.4301733028014,-122.1712462065244,27.182027997449
2026-04-18T20:11:20-07:00,62,37.43012203030317,-122.1712657541368,26.8679050309584
2026-04-18T20:11:25-07:00,63,37.43006269850984,-122.1712799744495,26.3542386414483
2026-04-18T20:11:31-07:00,64,37.43000947271359,-122.171302509096,27.0263019856066
2026-04-18T20:11:36-07:00,65,37.42994978571487,-122.1713454430273,27.4646761575714
2026-04-18T20:11:41-07:00,66,37.42990448270524,-122.171362282785,27.5716929957271
2026-04-18T20:11:46-07:00,67,37.42985357779745,-122.1713875051954,28.2037674421445
2026-04-18T20:11:51-07:00,68,37.42981241769195,-122.1714362750555,28.9507319722325
2026-04-18T20:11:56-07:00,69,37.4297954424961,-122.1714671963839,26.9435208281502
2026-04-18T20:12:02-07:00,70,37.42971535620652,-122.1714700411734,27.6549153411761
2026-04-18T20:12:07-07:00,71,37.42963784934305,-122.171477555111,28.1049915347248
2026-04-18T20:12:12-07:00,72,37.42959233308491,-122.1714654616115,28.3197200121358
2026-04-18T20:12:17-07:00,73,37.42954663710795,-122.1714255876403,27.8733538836241
2026-04-18T20:12:22-07:00,74,37.42951564695966,-122.1713849819311,28.8732184553519
2026-04-18T20:12:27-07:00,1,37.42951263507767,-122.1713908953051,28.2680012732744
2026-04-18T20:12:32-07:00,2,37.4294997503383,-122.171358316605,27.3253463264555
2026-04-18T20:12:38-07:00,3,37.42948824060655,-122.171303059204,27.6179549265653
2026-04-18T20:12:43-07:00,4,37.42947666530933,-122.1713013607485,27.5682393023744
2026-04-18T20:12:53-07:00,1,37.42947666530933,-122.1713013607485,27.5682393023744
2026-04-18T20:12:59-07:00,2,37.42947666530933,-122.1713013607485,27.5682393023744
2026-04-18T20:13:07-07:00,3,37.42955277211725,-122.1712709685063,30.8578453063965
2026-04-18T20:13:12-07:00,4,37.42961936633795,-122.1712452360635,27.930965423584
2026-04-18T20:13:17-07:00,5,37.4296673527336,-122.1712215152776,29.1646995544434
2026-04-18T20:13:22-07:00,6,37.42967422589434,-122.1712184139734,28.9211387867108
2026-04-18T20:13:27-07:00,7,37.42971740074275,-122.1712051013258,28.2495079785585
2026-04-18T20:13:32-07:00,8,37.42975331476543,-122.1712022923585,28.1693688202649
2026-04-18T20:13:38-07:00,9,37.42980241054369,-122.1711630328145,25.5054187709466
2026-04-18T20:13:43-07:00,10,37.42984547292474,-122.1711418269495,25.7557345181704
2026-04-18T20:13:53-07:00,1,37.42987063372916,-122.1711355373373,25.4335853355005
2026-04-18T20:13:58-07:00,2,37.42987063372916,-122.1711355373373,25.4335853355005
2026-04-18T20:14:06-07:00,3,37.42987610403209,-122.1711334214752,26.5603294372559
2026-04-18T20:14:11-07:00,4,37.42991487033426,-122.1711216029917,27.1455345153809
2026-04-18T20:14:16-07:00,5,37.42988758723943,-122.1711425577497,25.2341575622559
2026-04-18T20:14:21-07:00,6,37.4298501451443,-122.1711563553781,25.3961144592613
2026-04-18T20:14:26-07:00,7,37.42982523115197,-122.1711624070153,25.6325951162726
2026-04-18T20:14:31-07:00,8,37.42982987783623,-122.1711573098993,25.7893638852984
2026-04-18T20:14:45-07:00,9,37.4297673106737,-122.1711690680749,26.1170900044963
2026-04-18T20:14:50-07:00,10,37.4297495054526,-122.1711786448257,25.909750345163
2026-04-18T20:15:49-07:00,1,37.42973197720706,-122.171206846947,26.0856590270996
2026-04-18T20:15:57-07:00,2,37.42965776040153,-122.1712302861484,24.1366539001465
2026-04-18T20:16:02-07:00,3,37.42958898505313,-122.1712759934898,25.387264251709
2026-04-18T20:16:07-07:00,4,37.42953328921678,-122.171323668768,26.4230918884277
2026-04-18T20:16:12-07:00,5,37.42949285950719,-122.1713581928634,25.1492577297613
2026-04-18T20:16:17-07:00,6,37.42945733568244,-122.171407484448,27.8090782826766
2026-04-18T20:16:22-07:00,7,37.42941505472579,-122.1714485333121,27.8200951423496
2026-04-18T20:16:28-07:00,8,37.42932235599585,-122.1714612155462,26.1006922442466
2026-04-18T20:16:33-07:00,9,37.42925648031306,-122.171473430193,25.9872816111892
2026-04-18T20:16:38-07:00,10,37.42921171829378,-122.1714656387612,26.663940067403
2026-04-18T20:16:43-07:00,11,37.42916470395138,-122.1714975892358,26.3969855420291
2026-04-18T20:16:48-07:00,12,37.42910878565922,-122.1715129875291,26.4868011306971
2026-04-18T20:16:53-07:00,13,37.42906194368039,-122.1715209481437,26.3869031453505
2026-04-18T20:16:59-07:00,14,37.42899877319729,-122.1715330471388,27.1430484354496
2026-04-18T20:17:04-07:00,15,37.42894976052894,-122.17154514108,27.2045837054029
2026-04-18T20:17:09-07:00,16,37.4289170760771,-122.1716038989271,27.2739735879004
2026-04-18T20:17:14-07:00,17,37.42892164772695,-122.17166617821,27.5088258991018
2026-04-18T20:17:19-07:00,18,37.42894520782978,-122.1717469007839,27.6189604559913
2026-04-18T20:17:24-07:00,19,37.42895543454531,-122.1718024569951,27.3834500508383
2026-04-18T20:17:30-07:00,20,37.42892821541776,-122.1718701314172,27.3879477949813
2026-04-18T20:17:35-07:00,21,37.42887860844525,-122.1719013755021,27.1669941106811
2026-04-18T20:17:40-07:00,22,37.42883938939654,-122.1719202511095,27.8965589078143
2026-04-18T20:17:45-07:00,23,37.42879645577145,-122.1719435266751,28.7300011403859
2026-04-18T20:17:50-07:00,24,37.42872543654153,-122.1719771280675,29.289528504014
2026-04-18T20:17:55-07:00,25,37.42868356576643,-122.1719927828249,29.2219780264422
2026-04-18T20:18:01-07:00,26,37.42864745673599,-122.1720489630792,29.2709894375876
2026-04-18T20:18:06-07:00,27,37.4286168237233,-122.1720191019001,28.6039661113173
2026-04-18T20:18:11-07:00,28,37.42859788461493,-122.1719521015214,28.3764932295308
2026-04-18T20:18:16-07:00,29,37.42857858839533,-122.1718863434199,29.2753938790411
2026-04-18T20:18:21-07:00,30,37.42855302132948,-122.1718324227666,28.5721499687061
2026-04-18T20:18:26-07:00,31,37.42850984891704,-122.1717847332545,28.1070927167311
2026-04-18T20:18:32-07:00,32,37.42850307922596,-122.1717169782498,28.6980403820053
2026-04-18T20:18:37-07:00,33,37.42848491729419,-122.171685927991,28.9510018182918
2026-04-18T20:18:42-07:00,34,37.42848715779462,-122.1716419046307,29.6655085822567
2026-04-18T20:18:47-07:00,35,37.42846294396691,-122.1715834778629,29.0336109185591
2026-04-18T20:18:52-07:00,36,37.42842269662086,-122.1715059001016,28.5606005219743
2026-04-18T20:18:57-07:00,37,37.42840104189856,-122.171393256385,27.9636921519414
2026-04-18T20:19:03-07:00,38,37.42837354089342,-122.1713047676523,27.6726520378143
2026-04-18T20:19:08-07:00,39,37.42835077832395,-122.1712413955844,26.511467509903
2026-04-18T20:19:13-07:00,40,37.42833532680032,-122.1711755479003,26.5086612524465
2026-04-18T20:19:18-07:00,41,37.42832643344937,-122.1710967209109,26.6956799458712
2026-04-18T20:19:23-07:00,42,37.42830845700212,-122.1710386036012,26.60235300567
2026-04-18T20:19:28-07:00,43,37.42830330086922,-122.1709654720429,27.3862759089097
2026-04-18T20:19:34-07:00,44,37.42828984730677,-122.1708831735599,27.5938526177779
2026-04-18T20:19:39-07:00,45,37.42826598598009,-122.1708102552752,26.8265960235149
2026-04-18T20:19:44-07:00,46,37.42825330966304,-122.1707470917583,26.4593723695725
2026-04-18T20:19:49-07:00,47,37.42826645087514,-122.1706566180507,26.248886814341
2026-04-18T20:19:54-07:00,48,37.42827045790084,-122.1705791613589,26.1686621671543
2026-04-18T20:19:59-07:00,49,37.42826175470849,-122.1704976245894,26.095979122445
2026-04-18T20:20:05-07:00,50,37.42825768356254,-122.1704182866132,26.1168353632092
2026-04-18T20:20:10-07:00,51,37.42827315213563,-122.1703647101408,26.2458504876122
2026-04-18T20:20:15-07:00,52,37.42826326329746,-122.170291570787,26.091173090972
2026-04-18T20:20:20-07:00,53,37.42823767499238,-122.170238738419,25.8342566397041
2026-04-18T20:20:25-07:00,54,37.42817828214421,-122.1702081626206,25.9321167031303
2026-04-18T20:20:30-07:00,55,37.42812375254747,-122.170168020193,26.313080615364
2026-04-18T20:20:36-07:00,56,37.42807328474107,-122.1701235420965,27.2969510238618
2026-04-18T20:20:41-07:00,57,37.42805798562957,-122.1700419179595,26.3914842410013
2026-04-18T20:20:46-07:00,58,37.42808554448545,-122.1699719795027,26.6274994742125
2026-04-18T20:20:51-07:00,59,37.42811204028414,-122.1699128119388,26.3167516849935
2026-04-18T20:20:56-07:00,60,37.42813649219833,-122.1698481426893,26.9521819185466
2026-04-18T20:21:01-07:00,61,37.42813564008332,-122.1697828385843,27.4125043293461
2026-04-18T20:21:07-07:00,62,37.42811115283516,-122.1697064589212,26.7052303543314
2026-04-18T20:21:12-07:00,63,37.42810383949625,-122.169617079781,26.412750354968
2026-04-18T20:21:17-07:00,64,37.42810136864816,-122.1695411314318,26.1836820989847
2026-04-18T20:21:22-07:00,65,37.42808537690494,-122.1694868929097,26.3250528648496
2026-04-18T20:21:27-07:00,66,37.42808159380281,-122.169427983113,26.3819903675467
2026-04-18T20:21:32-07:00,67,37.4281426819387,-122.1694067633177,26.9071201728657
2026-04-18T20:21:38-07:00,68,37.42817616392993,-122.1693675225034,26.8590970290825
2026-04-18T20:21:43-07:00,69,37.42815149157713,-122.1693761683078,26.9667282635346
2026-04-18T20:21:48-07:00,70,37.42811485640776,-122.169390305495,26.9877043906599
2026-04-18T20:21:53-07:00,71,37.42807349649446,-122.1693906441826,26.7564134821296
2026-04-18T20:21:58-07:00,72,37.42801021649791,-122.1693775889098,26.9897628678009
2026-04-18T20:22:04-07:00,73,37.42794119362821,-122.169349500496,26.950919139199
2026-04-18T20:22:09-07:00,74,37.42790576904584,-122.1692736802791,26.6834165714681
2026-04-18T20:22:14-07:00,75,37.4278824873459,-122.1692072018827,26.4557077679783
2026-04-18T20:22:19-07:00,76,37.4278734524828,-122.1691311536103,26.2332471460104
2026-04-18T20:22:24-07:00,77,37.42787091724728,-122.1690532648265,26.330450204201
2026-04-18T20:22:30-07:00,78,37.42786818954766,-122.1690542789338,26.330450204201
2026-04-18T20:22:37-07:00,79,37.42788565348594,-122.1689549648409,26.1783103942871
2026-04-18T20:22:42-07:00,80,37.42788537307997,-122.1689529243754,26.1783103942871
2026-04-18T20:22:47-07:00,81,37.42788593672558,-122.1689524646591,28.1894490986413
2026-04-18T20:22:59-07:00,82,37.42784315723686,-122.1688398813104,36.9168357849121
2026-04-18T20:23:04-07:00,83,37.42784315723686,-122.1688398813104,36.9168357849121
2026-04-18T20:23:09-07:00,84,37.42780639751354,-122.1688251957478,37.0442241922306
2026-04-18T20:23:14-07:00,85,37.42773025300114,-122.1687406395768,25.399227142334
2026-04-18T20:23:19-07:00,86,37.42771514767394,-122.1687281604508,28.5333307515644
2026-04-18T20:23:30-07:00,87,37.42760297380148,-122.168614324296,28.7986106872559
2026-04-18T20:23:37-07:00,88,37.42753390691935,-122.1686372068917,25.9930076599121
2026-04-18T20:23:42-07:00,89,37.42749746671988,-122.1686191340408,24.7943993443623
2026-04-18T20:23:47-07:00,90,37.42744673416815,-122.1686420006169,26.470424760133
2026-04-18T20:23:52-07:00,91,37.42739839888677,-122.1686555352345,25.3076744638383
2026-04-18T20:23:57-07:00,92,37.42739839888677,-122.1686555352345,25.3076744638383
2026-04-18T20:24:06-07:00,93,37.42727369073538,-122.16879663069,25.3788719177246
2026-04-18T20:24:11-07:00,94,37.42727369073538,-122.16879663069,25.3788719177246
2026-04-18T20:24:19-07:00,95,37.42725923195241,-122.1690256242847,25.623836517334
2026-04-18T20:24:24-07:00,96,37.42725923195241,-122.1690256242847,25.623836517334
2026-04-18T20:24:32-07:00,97,37.42722859609632,-122.169129559884,26.3726768493652
2026-04-18T20:24:45-07:00,98,37.42734753530232,-122.1692272090559,24.5399742126465
2026-04-18T20:24:50-07:00,99,37.42734753530232,-122.1692272090559,24.5399742126465
2026-04-18T20:24:55-07:00,100,37.42734753530232,-122.1692272090559,24.5399742126465
2026-04-18T20:25:03-07:00,101,37.42757929492502,-122.1694666800296,22.7658348083496
2026-04-18T20:25:08-07:00,102,37.42757929492502,-122.1694666800296,22.7658348083496
2026-04-18T20:25:15-07:00,103,37.4276220426312,-122.1696022992229,24.7964744567871
2026-04-18T20:25:20-07:00,104,37.42763168181985,-122.1696459689384,21.9876670837402
2026-04-18T20:25:25-07:00,105,37.42764911617844,-122.1697231662666,24.4003257751465
2026-04-18T20:25:30-07:00,106,37.42764911617844,-122.1697231662666,24.4003257751465
2026-04-18T20:25:38-07:00,107,37.42770552638679,-122.1699310374653,28.4474449157715
2026-04-18T20:25:43-07:00,108,37.42770552638679,-122.1699310374653,28.4474449157715
2026-04-18T20:25:50-07:00,109,37.42773888636141,-122.170115355516,24.5534019470215
2026-04-18T20:25:55-07:00,110,37.42773888636141,-122.170115355516,24.5534019470215
2026-04-18T20:26:00-07:00,111,37.427736400032,-122.1701242984275,24.5438261427439
2026-04-18T20:26:08-07:00,112,37.42777266543119,-122.1703711712008,24.6683616638184
2026-04-18T20:26:13-07:00,113,37.42776893465825,-122.1703746102223,24.679539973666
2026-04-18T20:26:18-07:00,114,37.42776669093435,-122.1704137016901,23.5914801347334
2026-04-18T20:26:26-07:00,115,37.42783464960515,-122.1706410684829,20.9073143005371
2026-04-18T20:26:31-07:00,116,37.42783464960515,-122.1706410684829,20.9073143005371
2026-04-18T20:26:39-07:00,117,37.42787513419746,-122.170807784537,24.7160606384277
2026-04-18T20:26:44-07:00,118,37.42787513419746,-122.170807784537,24.7160606384277
2026-04-18T20:26:49-07:00,119,37.42788837294555,-122.1708711419245,20.7497954996517
2026-04-18T20:26:57-07:00,120,37.42789323910831,-122.1711278056001,26.9696922302246
2026-04-18T20:27:02-07:00,121,37.42789323910831,-122.1711278056001,26.9696922302246
2026-04-18T20:27:07-07:00,122,37.42788269870388,-122.1711227380617,26.9843136696445
2026-04-18T20:27:22-07:00,123,37.42778892632334,-122.1713252832388,29.1433982849121
2026-04-18T20:27:27-07:00,124,37.42779873315018,-122.1713370179033,29.9345665210858
2026-04-18T20:27:32-07:00,125,37.4277984816931,-122.1713699587827,30.6872825846076
2026-04-18T20:27:38-07:00,126,37.42781147364301,-122.1714274586385,29.3021812662482
2026-04-18T20:27:43-07:00,127,37.4277894852842,-122.1714789692015,24.0246239565313
2026-04-18T20:27:48-07:00,128,37.42774129372832,-122.1714876236773,27.0216444190592
2026-04-18T20:27:53-07:00,129,37.42773425878561,-122.1714319649003,26.8302634777501
2026-04-18T20:27:58-07:00,130,37.4277277787287,-122.1713631933391,26.8042154544964
2026-04-18T20:28:04-07:00,131,37.42772352083321,-122.1712667199202,26.6986109064892
2026-04-18T20:28:09-07:00,132,37.42771729332857,-122.1711965821958,26.1586857102811
2026-04-18T20:28:14-07:00,133,37.42768881752245,-122.1711377425746,26.1661537569016
2026-04-18T20:28:19-07:00,134,37.42765804530405,-122.1710578241833,25.8312402814627
2026-04-18T20:28:24-07:00,135,37.42764311489989,-122.1709938627207,26.3608384765685
2026-04-18T20:28:29-07:00,136,37.42762709199283,-122.1709177303849,25.7120200814679
2026-04-18T20:28:35-07:00,137,37.42760488004296,-122.1708626178623,26.5090033952147
2026-04-18T20:28:40-07:00,138,37.42760248806503,-122.1708337033736,25.6976881129667
2026-04-18T20:28:45-07:00,139,37.42759494999245,-122.1707940183697,25.82928779535
2026-04-18T20:28:50-07:00,140,37.42759202631527,-122.170791434481,25.804396500811
2026-04-18T20:28:55-07:00,141,37.42757919112167,-122.1707494416773,26.142920079641
2026-04-18T20:29:01-07:00,142,37.42758354085432,-122.1707579906261,26.37315559946
2026-04-18T20:29:06-07:00,143,37.42757973554652,-122.1707731207076,26.7264539236203
2026-04-18T20:29:11-07:00,144,37.42756432922334,-122.1707190810361,26.287497151643
2026-04-18T20:29:16-07:00,145,37.42755576304547,-122.1706687985325,26.2993438243866
2026-04-18T20:29:21-07:00,146,37.4275313492388,-122.1706082099145,26.6243913974613
2026-04-18T20:29:26-07:00,147,37.42751977714842,-122.1705620538331,26.256570821628
2026-04-18T20:29:32-07:00,148,37.42750866391429,-122.1704994660236,26.2797080418095
2026-04-18T20:29:37-07:00,149,37.4274947177562,-122.1704443803233,26.2456341423094
2026-04-18T20:29:42-07:00,150,37.4274852060769,-122.1703809710117,26.1945170396939
2026-04-18T20:29:47-07:00,151,37.42747617898182,-122.1703186365878,26.5884117251262
2026-04-18T20:29:52-07:00,152,37.42746603677535,-122.1702520915619,26.3107057409361
2026-04-18T20:29:57-07:00,153,37.42745871245867,-122.1701827061781,25.9412460122257
2026-04-18T20:30:03-07:00,154,37.42744215384876,-122.1700949932197,26.4453966878355
2026-04-18T20:30:08-07:00,155,37.42743705071347,-122.1700804268988,26.6805638307706
2026-04-18T20:30:13-07:00,156,37.42743705071347,-122.1700804268988,26.6805638307706
2026-04-18T20:30:18-07:00,157,37.42743705071347,-122.1700804268988,26.6805638307706
2026-04-18T20:30:23-07:00,158,37.42744464874944,-122.1701346757205,26.3650655969977
2026-04-18T20:30:29-07:00,159,37.42745794206932,-122.1701921231458,26.4569503189996
2026-04-18T20:30:34-07:00,160,37.42746429686974,-122.1702548342767,26.3791481005028
2026-04-18T20:30:39-07:00,161,37.42748020207357,-122.170313179093,26.4009721707553
2026-04-18T20:30:44-07:00,162,37.42746258660499,-122.1702769878786,26.834190079011
2026-04-18T20:30:49-07:00,163,37.42745861757049,-122.1702040399576,26.3975295880809
2026-04-18T20:30:54-07:00,164,37.42745226408075,-122.1701447961344,26.0611896328628
2026-04-18T20:31:00-07:00,165,37.42742134045548,-122.1700604071393,26.3114304589108
2026-04-18T20:31:05-07:00,166,37.42741013791991,-122.1700019501562,27.2586092930287
2026-04-18T20:31:10-07:00,167,37.42739335227731,-122.1699352935075,27.4271911839023
2026-04-18T20:31:15-07:00,168,37.42738679486067,-122.1698652397466,27.1291619641706
2026-04-18T20:31:20-07:00,169,37.42738016993722,-122.1698028112285,27.2435352327302
2026-04-18T20:31:26-07:00,170,37.42735825486202,-122.1697330026267,26.4851966388524
2026-04-18T20:31:31-07:00,171,37.42734723508417,-122.1696681583625,26.2838694434613
2026-04-18T20:31:36-07:00,172,37.42732249229899,-122.1696043246276,26.1912877298892
2026-04-18T20:31:41-07:00,173,37.42730710274843,-122.1695531225052,26.083573082462
2026-04-18T20:31:46-07:00,174,37.42728437509786,-122.1694963053893,26.0423595411703
2026-04-18T20:31:51-07:00,175,37.42724415615622,-122.1694317421105,26.1897924877703
2026-04-18T20:31:57-07:00,176,37.42719887964375,-122.169410496579,26.0861096605659
2026-04-18T20:32:02-07:00,177,37.42714245534301,-122.1694224752975,26.0549574168399
2026-04-18T20:32:07-07:00,178,37.42710840401987,-122.1694462443361,26.2154933167622
2026-04-18T20:32:12-07:00,179,37.42708555563401,-122.1694974756063,26.0141806341708
2026-04-18T20:32:17-07:00,180,37.42708494031913,-122.1695699375706,27.3355794521049
2026-04-18T20:32:23-07:00,181,37.42708263662498,-122.1695883142623,27.6995155094191
2026-04-18T20:32:28-07:00,182,37.42708263662498,-122.1695883142623,27.6995155094191
2026-04-18T20:32:33-07:00,183,37.42708403956561,-122.1695912018154,23.6300130732729
2026-04-18T20:32:38-07:00,184,37.42708634938414,-122.1695942672138,27.7034632006585
2026-04-18T20:32:44-07:00,185,37.42708726553281,-122.1695961244002,27.6189099975654
2026-04-18T20:32:49-07:00,186,37.42708749911078,-122.1695954016428,28.7959363116465
2026-04-18T20:32:54-07:00,187,37.42708640507175,-122.1695942629462,28.7112671595225
2026-04-18T20:32:59-07:00,188,37.42699474099783,-122.1696969309097,27.6205101013184
2026-04-18T20:33:04-07:00,189,37.42703141182421,-122.1696579550599,27.987850189209
2026-04-18T20:33:09-07:00,190,37.42703333966194,-122.1696560272222,28.0402183532715
2026-04-18T20:33:15-07:00,191,37.42707138554601,-122.1697045122661,26.1517907641828
2026-04-18T20:33:20-07:00,192,37.42708972049462,-122.1697658258112,24.7667199578136
2026-04-18T20:33:25-07:00,193,37.42710210905538,-122.1698391966194,25.9771692017093
2026-04-18T20:33:30-07:00,194,37.42712054653892,-122.1699112366353,26.0013696420938
2026-04-18T20:33:35-07:00,195,37.42713725583362,-122.1699584111471,26.959381069988
2026-04-18T20:33:41-07:00,196,37.42715622106576,-122.1700287391039,26.7375132162124
2026-04-18T20:33:46-07:00,197,37.42718490628038,-122.1701084140246,26.9115514568984
2026-04-18T20:33:51-07:00,198,37.42719370179755,-122.1701816543043,27.2173539940268
2026-04-18T20:33:56-07:00,199,37.4272069495233,-122.1702526510916,26.9172547999769
2026-04-18T20:34:01-07:00,200,37.42720844425176,-122.1703164143692,26.7592409206554
2026-04-18T20:34:06-07:00,201,37.42721645692171,-122.1703982822067,26.2354319160804
2026-04-18T20:34:12-07:00,202,37.42722854276034,-122.1704837597546,26.4330406598747
2026-04-18T20:34:17-07:00,203,37.42724457469875,-122.1705548044262,26.5359120238572
2026-04-18T20:34:22-07:00,204,37.42726346781473,-122.1706328894882,26.5351632377133
2026-04-18T20:34:27-07:00,205,37.42726691779573,-122.1707007772832,26.0561705669388
2026-04-18T20:34:32-07:00,206,37.42727434093612,-122.1707752544617,26.1131626376882
2026-04-18T20:34:38-07:00,207,37.42727341019426,-122.1708623995714,26.2689004987478
2026-04-18T20:34:43-07:00,208,37.42729466155019,-122.1709369465418,26.0005022194236
2026-04-18T20:34:48-07:00,209,37.42730658351344,-122.1710069518809,26.21947292611
2026-04-18T20:34:53-07:00,210,37.42732732743946,-122.1710812176363,26.3340356741101
2026-04-18T20:34:58-07:00,211,37.42733834261581,-122.1711560870903,26.3890806520358
2026-04-18T20:35:03-07:00,212,37.42733345396634,-122.1712130435506,27.129161699675
2026-04-18T20:35:09-07:00,213,37.42733408678248,-122.1712786935852,26.6044328399003
2026-04-18T20:35:14-07:00,214,37.42733095403228,-122.1713515107676,26.6774865211919
2026-04-18T20:35:19-07:00,215,37.42734394280999,-122.1714316976483,26.6711497986689
2026-04-18T20:35:24-07:00,216,37.42735398661295,-122.1715187574188,26.7057150192559
2026-04-18T20:35:29-07:00,217,37.42733193983224,-122.1715378085274,26.7047755392268
2026-04-18T20:35:35-07:00,218,37.4273542678383,-122.1715232709937,26.6590697672218
2026-04-18T20:35:40-07:00,219,37.4273542678383,-122.1715232709937,26.6590697672218
2026-04-18T20:35:55-07:00,220,37.42731180422983,-122.1716668830162,26.557913406752
2026-04-18T20:36:00-07:00,221,37.42724924113951,-122.1716673922296,26.8648070888594
2026-04-18T20:36:05-07:00,222,37.42718782215253,-122.1716723212641,27.1995226936415
2026-04-18T20:36:11-07:00,223,37.42713207256735,-122.1716397440721,27.4759810231626
2026-04-18T20:36:16-07:00,224,37.42705444184309,-122.1716127837492,27.4843725403771
2026-04-18T20:36:21-07:00,225,37.42701024596603,-122.1715495907981,27.6743221217766
2026-04-18T20:36:26-07:00,226,37.4269913848355,-122.1714632398844,27.7722078738734
2026-04-18T20:36:31-07:00,227,37.42697389612351,-122.1713834151927,27.472683521919
2026-04-18T20:36:36-07:00,228,37.42695138080894,-122.1713063128201,26.9234822653234
2026-04-18T20:36:42-07:00,229,37.42692402598942,-122.1712217489222,27.3044855324551
2026-04-18T20:36:47-07:00,230,37.42692122857472,-122.1711496529189,26.89488292858
2026-04-18T20:36:52-07:00,231,37.4269313994521,-122.1710871893588,26.6064830599353
2026-04-18T20:36:57-07:00,232,37.42693062249313,-122.1710208083444,26.4349447675049
2026-04-18T20:37:02-07:00,233,37.42698725705998,-122.1709496281223,26.1638615075499
2026-04-18T20:37:08-07:00,234,37.42699891287642,-122.1708516272371,26.486764810048
2026-04-18T20:37:13-07:00,235,37.42699084632758,-122.1707797288768,26.3241913793609
2026-04-18T20:37:18-07:00,236,37.4269854923762,-122.1706918541901,26.4753351379186
2026-04-18T20:37:23-07:00,237,37.42702109743897,-122.1706392569456,26.7038075244054
2026-04-18T20:37:28-07:00,238,37.42706008043154,-122.1706054716616,26.7869086479768
2026-04-18T20:37:33-07:00,239,37.42712911098358,-122.1706178467443,26.3973621269688
2026-04-18T20:37:39-07:00,240,37.42714231779856,-122.1705678910764,26.2666669394821
2026-04-18T20:37:55-07:00,1,37.42715337107795,-122.1704153779408,26.5251113167033
2026-04-18T20:38:10-07:00,2,37.4270932283601,-122.1702151839828,24.3637046813965
2026-04-18T20:38:15-07:00,3,37.42703561034846,-122.1702078196644,25.7263146778569
2026-04-18T20:38:20-07:00,4,37.42697485751918,-122.1702272475316,27.0755273588002
2026-04-18T20:38:25-07:00,5,37.42693265342158,-122.1702545520099,26.141811507754
2026-04-18T20:38:30-07:00,6,37.42694298274589,-122.1702509747093,26.506557488814
2026-04-18T20:38:35-07:00,7,37.42694366737784,-122.1702508136145,26.5065601304923
2026-04-18T20:38:51-07:00,8,37.4269500626683,-122.1702690590712,26.6744707897306
2026-04-18T20:39:06-07:00,9,37.42688204753363,-122.1702510845708,26.6177337598056
2026-04-18T20:39:20-07:00,10,37.42674533165739,-122.170258026729,26.2481499500573
2026-04-18T20:39:25-07:00,11,37.42670260745003,-122.1702506483019,26.7344173276797
2026-04-18T20:39:30-07:00,12,37.42663074262095,-122.1702137112421,27.1420098682866
2026-04-18T20:39:35-07:00,13,37.4265867845854,-122.1701138111914,27.1625712448731
2026-04-18T20:39:40-07:00,14,37.42660009886042,-122.1700206758137,26.9137084810063
2026-04-18T20:39:45-07:00,15,37.42658561183859,-122.169946748696,26.8023094395176
2026-04-18T20:39:51-07:00,16,37.42657240963903,-122.1698597239187,26.4537337515503
2026-04-18T20:39:56-07:00,17,37.426554565994,-122.169771886928,26.6433399803936
2026-04-18T20:40:01-07:00,18,37.42653723383899,-122.1697005164665,26.601212721318
2026-04-18T20:40:06-07:00,19,37.42655386503758,-122.1696983751562,26.7218471057713
2026-04-18T20:40:11-07:00,20,37.42653942007684,-122.1696665762449,26.5698908120394
2026-04-18T20:40:16-07:00,21,37.42651522610187,-122.1696009373138,26.5281980400905
2026-04-18T20:40:22-07:00,22,37.42650016402601,-122.1695237428149,26.6260126847774
2026-04-18T20:40:27-07:00,23,37.42651696128781,-122.1694592104128,26.8512215744704
2026-04-18T20:40:32-07:00,24,37.42656472386919,-122.1694234081853,26.4921049615368
2026-04-18T20:40:37-07:00,25,37.42659736185099,-122.1693692534533,26.3268462298438
2026-04-18T20:40:42-07:00,26,37.42663134202717,-122.1693227999067,25.8026048131287
2026-04-18T20:40:48-07:00,27,37.42666372547152,-122.1692493146018,25.8592748278752
2026-04-18T20:40:53-07:00,28,37.4266446424567,-122.1691779697432,25.7237490573898
2026-04-18T20:40:58-07:00,29,37.42665303566783,-122.1691409140616,25.820783669129
2026-04-18T20:41:03-07:00,30,37.42664823819121,-122.1691078649175,26.0355186648667
2026-04-18T20:41:08-07:00,31,37.42664760454184,-122.1690382364719,25.9320207545534
2026-04-18T20:41:13-07:00,32,37.426596487071,-122.1689544069436,25.7860963633284
2026-04-18T20:41:29-07:00,33,37.42641239738965,-122.1689051255064,25.8664971701801
2026-04-18T20:41:34-07:00,34,37.42629760618397,-122.1689904799922,25.9215699555352
2026-04-18T20:41:47-07:00,35,37.42616160734114,-122.1690810365219,26.2361019775271
2026-04-18T20:41:52-07:00,36,37.42614918976057,-122.1690850177473,26.393586604856
2026-04-18T20:41:57-07:00,37,37.42611034023031,-122.1691075928905,26.625263097696
2026-04-18T20:42:02-07:00,38,37.42612821154222,-122.1691627790694,26.8712869603187
2026-04-18T20:42:07-07:00,39,37.42614815529199,-122.1692479763809,27.0887152906507
2026-04-18T20:42:12-07:00,40,37.42614899603549,-122.1692459653477,27.1953151701018
2026-04-18T20:42:18-07:00,41,37.42615899726291,-122.1692726065463,27.9257084298879
2026-04-18T20:42:23-07:00,42,37.42616686862965,-122.1693303013388,27.882899579592
2026-04-18T20:42:28-07:00,43,37.42615448992432,-122.1694120550771,26.7790987491608
2026-04-18T20:42:33-07:00,44,37.42618231800451,-122.1694797144783,27.0870246402919
2026-04-18T20:42:38-07:00,45,37.42618767992884,-122.169579917249,27.7412982434034
2026-04-18T20:42:44-07:00,46,37.42620740088105,-122.1696621197984,28.1250866567716
2026-04-18T20:42:49-07:00,47,37.42623567222403,-122.1697321171855,28.1567934080958
2026-04-18T20:42:54-07:00,48,37.42625238980847,-122.1698126441663,28.4114442188293
2026-04-18T20:42:59-07:00,49,37.42626257186136,-122.1698848737616,28.2369900532067
2026-04-18T20:43:04-07:00,50,37.42629786251405,-122.1699576123491,27.4744577603415
2026-04-18T20:43:09-07:00,51,37.42631998412436,-122.1700304505873,27.6031748363748
2026-04-18T20:43:15-07:00,52,37.42634848810172,-122.1701288404312,27.3592387214303
2026-04-18T20:43:20-07:00,53,37.42635568037364,-122.170212669731,27.7283332981169
2026-04-18T20:43:25-07:00,54,37.42637591262186,-122.1702943093639,27.7871525324881
2026-04-18T20:43:30-07:00,55,37.4264000145223,-122.1703653117301,27.8652946474031
2026-04-18T20:43:35-07:00,56,37.42640743152501,-122.1704421709685,28.4845708059147
2026-04-18T20:43:41-07:00,57,37.4264265426115,-122.1705080500954,28.5048002060503
2026-04-18T20:43:46-07:00,58,37.4264257428969,-122.1706007705116,28.7870398648083
2026-04-18T20:43:51-07:00,59,37.42643865383025,-122.1706825914587,28.8046755110845
2026-04-18T20:43:56-07:00,60,37.42645440606955,-122.1707547131855,28.8670038329437
2026-04-18T20:44:01-07:00,61,37.4264768731211,-122.1708271297434,28.8425523526967
2026-04-18T20:44:06-07:00,62,37.42649387729831,-122.1708479370821,28.9630850972608
2026-04-18T20:44:12-07:00,63,37.42649676696541,-122.1708565510247,28.8630733052269
2026-04-18T20:44:17-07:00,64,37.42649326303704,-122.1708492351973,28.824841696769
2026-04-18T20:44:22-07:00,65,37.4265001737263,-122.1708637159112,29.0493932068348
2026-04-18T20:44:27-07:00,66,37.42651563534307,-122.1709417442216,28.5760533772409
2026-04-18T20:44:32-07:00,67,37.42654134895601,-122.171014638201,27.8724356666207
2026-04-18T20:44:37-07:00,68,37.42656062494116,-122.1710825290559,27.708287646994
2026-04-18T20:44:43-07:00,69,37.42657713142316,-122.1711643638031,27.9724209979177
2026-04-18T20:44:48-07:00,70,37.42659772130861,-122.1712278303206,28.4500697078183
2026-04-18T20:44:53-07:00,71,37.42661801773416,-122.171300998944,28.8747599031776
2026-04-18T20:44:58-07:00,72,37.42660536371547,-122.1713612757624,29.0830475883558
2026-04-18T20:45:03-07:00,73,37.42660475253816,-122.1714639846493,29.9004510547966
2026-04-18T20:45:09-07:00,74,37.42661638289098,-122.1715486645834,30.9655460678041
2026-04-18T20:45:14-07:00,75,37.42662741854972,-122.1716353260923,31.8305276604369
2026-04-18T20:45:19-07:00,76,37.42666377258556,-122.171686946469,32.4640044998378
2026-04-18T20:45:24-07:00,77,37.42668058059223,-122.1716970767776,32.2761381082237
2026-04-18T20:45:39-07:00,78,37.42664428104179,-122.1717643038361,32.1982536418363
2026-04-18T20:45:54-07:00,79,37.42650387315171,-122.171878273158,35.0934198061004
2026-04-18T20:46:08-07:00,80,37.42676344925437,-122.1717251620807,32.9854356572032
2026-04-18T20:46:13-07:00,81,37.42676344925437,-122.1717251620807,32.9854356572032
2026-04-18T20:46:28-07:00,82,37.42664865221588,-122.1716020536815,28.2561912536621
2026-04-18T20:46:33-07:00,83,37.42667188752652,-122.1716197502479,26.3713951809332
2026-04-18T20:46:38-07:00,84,37.42668238937628,-122.1716327314471,27.3055992359296
2026-04-18T20:46:44-07:00,85,37.42669719763876,-122.1717171253962,28.675380943343
2026-04-18T20:46:59-07:00,86,37.42666003012461,-122.1719783764632,32.7770994836464
2026-04-18T20:47:14-07:00,87,37.42676790678716,-122.1721700906845,32.0794277815148
2026-04-18T20:47:29-07:00,88,37.42693861823532,-122.1723265908817,31.6549023492262
2026-04-18T20:47:44-07:00,89,37.42710245683587,-122.1721860420354,30.2897288283779
2026-04-18T20:48:00-07:00,90,37.42715477765086,-122.1723020535363,29.0587059315294
2026-04-18T20:48:15-07:00,91,37.42705589947874,-122.1723908085765,29.407085201703
2026-04-18T20:48:30-07:00,92,37.42693241948044,-122.17232882131,30.5466864267364
2026-04-18T20:48:45-07:00,93,37.42694456553777,-122.172283977731,31.0126024372876
2026-04-18T20:49:01-07:00,94,37.42705231212651,-122.1721896147302,29.8831763793877
2026-04-18T20:49:16-07:00,95,37.42720890450102,-122.1720677290792,27.7634767470881
2026-04-18T20:49:30-07:00,96,37.42719922384295,-122.1721483142953,27.6199728911743
2026-04-18T20:49:35-07:00,97,37.42718090673065,-122.17219843907,27.948672815226
2026-04-18T20:49:40-07:00,98,37.42716187403707,-122.1722537856316,28.2690851315856
2026-04-18T20:49:45-07:00,99,37.42716430991448,-122.1722770403293,28.0940954033285
2026-04-18T20:49:50-07:00,100,37.42716087509444,-122.1723041983212,28.0950277838856
2026-04-18T20:49:56-07:00,101,37.42718096906638,-122.1723531283244,27.8796045333147
2026-04-18T20:50:01-07:00,102,37.42722850509717,-122.1724008018789,28.6238433010876
2026-04-18T20:50:06-07:00,103,37.42725532410835,-122.1724343789324,28.6562967449427
2026-04-18T20:50:11-07:00,104,37.42728209025357,-122.1724662130603,28.7626991225407
2026-04-18T20:50:16-07:00,105,37.42731983952685,-122.1724523994886,28.7494874512777
2026-04-18T20:50:21-07:00,106,37.42736696428234,-122.1724666287007,28.5407774625346
2026-04-18T20:50:27-07:00,107,37.42742477004791,-122.1724553678798,28.4379578921944
2026-04-18T20:50:32-07:00,108,37.42747748623425,-122.1724406781265,28.5037900470197
2026-04-18T20:50:37-07:00,109,37.42750565312249,-122.1724842974959,28.2442953875288
2026-04-18T20:50:42-07:00,110,37.42754341623954,-122.1725297653021,28.1392695596442
2026-04-18T20:50:47-07:00,111,37.4275672490116,-122.1725826946033,28.2869262183085
2026-04-18T20:50:53-07:00,112,37.42757949890801,-122.1726364532259,28.4498054608703
2026-04-18T20:50:58-07:00,113,37.42759832789521,-122.1726812229727,28.6071009160951
2026-04-18T20:51:03-07:00,114,37.42762055863104,-122.1727555033637,29.1171177159995
2026-04-18T20:51:18-07:00,115,37.42763055147747,-122.1729028706244,29.3034198395908
2026-04-18T20:51:33-07:00,116,37.42776407398044,-122.1731141490137,29.574031829834
2026-04-18T20:51:40-07:00,117,37.42781834680348,-122.1731838864481,29.5354270935059
2026-04-18T20:51:45-07:00,118,37.42784360225055,-122.1732505583266,30.6620141593739
2026-04-18T20:51:50-07:00,119,37.42789096245644,-122.1732447081257,32.9016381539404
2026-04-18T20:51:55-07:00,120,37.42788904815686,-122.1732376144474,33.3156090006232
2026-04-18T20:52:00-07:00,121,37.42788812614751,-122.1732370277142,33.3218040699139
2026-04-18T20:52:14-07:00,122,37.4278400737991,-122.1732515950383,31.3883681064472
2026-04-18T20:52:19-07:00,123,37.42783218618899,-122.1732423680095,30.9998292196542
2026-04-18T20:52:24-07:00,124,37.42781111080268,-122.1732350524303,31.8381348149851
2026-04-18T20:52:29-07:00,125,37.42779643878497,-122.1732551107892,31.9629452032968
2026-04-18T20:52:34-07:00,126,37.42781651063786,-122.1732102688192,32.25726339221
2026-04-18T20:52:39-07:00,127,37.427843142124,-122.1732068299211,32.4088534396142
2026-04-18T20:52:45-07:00,128,37.42792253015672,-122.173216222654,32.4992472818121
2026-04-18T20:52:50-07:00,129,37.42796380274523,-122.1732071264978,33.347224585712
2026-04-18T20:52:55-07:00,130,37.42801344621483,-122.1732011787953,34.2870357437059
2026-04-18T20:53:00-07:00,131,37.4280606368801,-122.1731671043531,34.5449339533225
2026-04-18T20:53:05-07:00,132,37.42807785467701,-122.1731284139786,34.2819619765505
2026-04-18T20:53:11-07:00,133,37.42807641822033,-122.1731449419823,33.9482938144356
2026-04-18T20:53:16-07:00,134,37.42807550776472,-122.1731660745387,34.611559602432
2026-04-18T20:53:21-07:00,135,37.42807024154625,-122.1731831216422,35.7430908838287
2026-04-18T20:53:26-07:00,136,37.42806038661031,-122.1731454298652,34.0970327602699
2026-04-18T20:53:31-07:00,137,37.42807191804261,-122.1731342177987,33.4742122460157
2026-04-18T20:53:37-07:00,138,37.42805740905392,-122.1730313738842,33.8667703168467
2026-04-18T20:53:42-07:00,139,37.42806266557264,-122.1729490029825,33.5581130189821
2026-04-18T20:53:47-07:00,140,37.42805675591725,-122.1728908962448,35.1249094316736
2026-04-18T20:53:52-07:00,141,37.42804580163274,-122.1728246677822,35.0738916359842
2026-04-18T20:53:57-07:00,142,37.42804677038581,-122.1727530865016,35.6160556012765
2026-04-18T20:54:03-07:00,143,37.4280475170773,-122.1726835644711,35.2185240956023
2026-04-18T20:54:08-07:00,144,37.42801959519949,-122.1725889230225,33.1553900307044
2026-04-18T20:54:13-07:00,145,37.42800360133963,-122.1725241806737,31.7594110062346
2026-04-18T20:54:18-07:00,146,37.42798548022176,-122.1724720667343,29.703223307617
2026-04-18T20:54:23-07:00,147,37.42798978208749,-122.1724068129054,29.496684008278
2026-04-18T20:54:28-07:00,148,37.42796177914189,-122.1723255244918,29.2221043147147
2026-04-18T20:54:34-07:00,149,37.42799844845729,-122.1722769620531,28.630929091014
2026-04-18T20:54:39-07:00,150,37.42803648379928,-122.172243849928,28.6346272286028
2026-04-18T20:54:44-07:00,151,37.42809289635216,-122.1722136427147,28.882087437436
2026-04-18T20:54:49-07:00,152,37.42814514929802,-122.1722035036079,28.9460587613285
2026-04-18T20:54:54-07:00,153,37.42820551794765,-122.1721854221437,28.8547130208462
2026-04-18T20:55:00-07:00,154,37.42827352118321,-122.1721654318422,28.4543138304725
2026-04-18T20:55:05-07:00,155,37.42832511497837,-122.1721372862673,28.6928473105654
2026-04-18T20:55:10-07:00,156,37.42838059588487,-122.1721413649731,28.8705239538103
2026-04-18T20:55:15-07:00,157,37.42842213873104,-122.1721190963809,29.2640175269917
2026-04-18T20:55:20-07:00,158,37.42847497296437,-122.1720939104827,29.2546104798093
2026-04-18T20:55:26-07:00,159,37.42852865187218,-122.1720646778115,29.250989115797
2026-04-18T20:55:31-07:00,160,37.42859278393498,-122.1720839193607,28.9640392269939
2026-04-18T20:55:36-07:00,161,37.42863130858414,-122.1721247714414,28.9458434106782
2026-04-18T20:55:41-07:00,162,37.42864967604933,-122.1721942479439,29.0180398058146
2026-04-18T20:55:46-07:00,163,37.42865375777339,-122.1722667332308,29.4040464526042
2026-04-18T20:55:51-07:00,164,37.42867052161755,-122.1723474835735,29.3804522305727
2026-04-18T20:55:57-07:00,165,37.42868195188723,-122.1724178448894,29.487865687348
2026-04-18T20:56:02-07:00,166,37.42868307930385,-122.1724885873287,29.9722969513386
2026-04-18T20:56:07-07:00,167,37.42870082259591,-122.1725510837096,30.4437255393714
2026-04-18T20:56:12-07:00,168,37.42872262125555,-122.1726358900094,29.8180898176506
2026-04-18T20:56:17-07:00,169,37.42873516252438,-122.1726575362505,29.4273819020018
2026-04-18T20:56:23-07:00,170,37.42873516252438,-122.1726575362505,29.4273819020018
2026-04-18T20:56:28-07:00,171,37.42873516252438,-122.1726575362505,29.4273819020018
2026-04-18T20:56:33-07:00,172,37.42875978044616,-122.1726149457119,30.4971022447571
2026-04-18T20:56:48-07:00,173,37.42877473079192,-122.1725103183532,30.7222838159651
2026-04-18T20:56:53-07:00,174,37.42874107585586,-122.1724622613664,29.9432173417881
2026-04-18T20:56:59-07:00,175,37.42869749805659,-122.1724040609665,29.3943145396188
2026-04-18T20:57:04-07:00,176,37.42866485378567,-122.1723347944168,29.3542760405689
2026-04-18T20:57:09-07:00,177,37.42865378705444,-122.1722812178952,29.0681852344424
2026-04-18T20:57:14-07:00,178,37.42862570115916,-122.1722342066705,29.1872357251123
2026-04-18T20:57:19-07:00,179,37.42865442360793,-122.172266554561,28.919131340459
2026-04-18T20:57:25-07:00,180,37.42867587061593,-122.1723142617236,29.2358384002
2026-04-18T20:57:30-07:00,181,37.42869978826966,-122.1723799266212,29.8814862854779
2026-04-18T20:57:35-07:00,182,37.42872431553248,-122.1724218046573,29.6841911775991
2026-04-18T20:57:40-07:00,183,37.42873502162627,-122.1724492057569,29.2203070605174
2026-04-18T20:57:45-07:00,184,37.42874171130729,-122.1724986938028,29.4364660317078
2026-04-18T20:57:50-07:00,185,37.42876091657578,-122.1725694324834,29.2599309254438
2026-04-18T20:57:56-07:00,186,37.42877396944581,-122.1726422205792,29.6466184481978
2026-04-18T20:58:01-07:00,187,37.42878233141828,-122.1727004218777,29.8926683170721
2026-04-18T20:58:06-07:00,188,37.42879732400706,-122.172774409211,29.3149913661182
2026-04-18T20:58:11-07:00,189,37.42880453453446,-122.1728562422591,29.5899655679241
2026-04-18T20:58:16-07:00,190,37.42881607429366,-122.1729278222858,30.0765080694109
2026-04-18T20:58:22-07:00,191,37.42882171147375,-122.1730096990967,30.7085658982396
2026-04-18T20:58:27-07:00,192,37.42884012969584,-122.1730687832065,30.4495291030034
2026-04-18T20:58:32-07:00,193,37.42885768773906,-122.1731379145037,30.4575761966407
2026-04-18T20:58:37-07:00,194,37.42887792859489,-122.1731905958606,31.0680066756904
2026-04-18T20:58:42-07:00,195,37.42890473767712,-122.1732514003255,30.6378828519955
2026-04-18T20:58:48-07:00,196,37.42892128663308,-122.1732857373038,32.1608838057146
2026-04-18T20:58:53-07:00,197,37.42891124500786,-122.1732908064772,33.1455202437937
2026-04-18T20:58:58-07:00,198,37.42891124500786,-122.1732908064772,33.1455202437937
2026-04-18T20:59:03-07:00,199,37.42889547334554,-122.1732875661183,31.8893071431667
2026-04-18T20:59:08-07:00,200,37.42890520652543,-122.1733251389942,31.6810214677826
2026-04-18T20:59:24-07:00,201,37.42892884376913,-122.1734248227652,30.8009591018781
2026-04-18T20:59:39-07:00,202,37.42895707757667,-122.1736830455684,29.3115348499268
2026-04-18T20:59:54-07:00,203,37.42894246509498,-122.1739073410771,30.552583203651
2026-04-18T21:00:09-07:00,204,37.42896483904901,-122.1741544161546,31.5710416268557
2026-04-18T21:00:24-07:00,205,37.42906887097013,-122.174321699282,31.9357315618545
2026-04-18T21:00:30-07:00,206,37.42908903553732,-122.1743594402979,31.7165290759876
2026-04-18T21:00:35-07:00,207,37.42908195158557,-122.1744107540286,31.6074234740809
2026-04-18T21:00:40-07:00,208,37.42904698571028,-122.1744479631419,31.501031386666
2026-04-18T21:00:45-07:00,209,37.42900252848691,-122.1744654143755,31.3756985003129
2026-04-18T21:00:50-07:00,210,37.4289635371265,-122.1744869026764,31.5708217155188
2026-04-18T21:00:56-07:00,211,37.42890656842883,-122.1744988390291,32.5500605460256
2026-04-18T21:01:01-07:00,212,37.42886119384558,-122.1745186062994,33.0396475130692
2026-04-18T21:01:06-07:00,213,37.42886846505496,-122.1745073287723,33.8983549689874
2026-04-18T21:01:13-07:00,214,37.42878397796943,-122.174543667685,31.8747673388571
2026-04-18T21:01:18-07:00,215,37.42870945558413,-122.1745627079482,32.2191361030564
2026-04-18T21:01:23-07:00,216,37.42863982262414,-122.1745992600411,31.9162507299334
2026-04-18T21:01:28-07:00,217,37.42856926481421,-122.174603217404,31.7637757183984
2026-04-18T21:01:33-07:00,218,37.42850910194132,-122.174611594731,31.9728774344549
2026-04-18T21:01:39-07:00,219,37.42845486534463,-122.1746356242773,31.2088858718052
2026-04-18T21:01:44-07:00,220,37.42838360953077,-122.1746542812993,31.0678851697594
2026-04-18T21:01:49-07:00,221,37.42833659424598,-122.1746787425289,31.0995520148426
2026-04-18T21:01:54-07:00,222,37.42834024662397,-122.1746805266986,31.343405268155
2026-04-18T21:01:59-07:00,223,37.42834024662397,-122.1746805266986,31.343405268155
2026-04-18T21:02:04-07:00,224,37.42834024662397,-122.1746805266986,31.343405268155
2026-04-18T21:02:10-07:00,225,37.42827455686496,-122.1746879839176,30.8868412310258
2026-04-18T21:02:15-07:00,226,37.42821975226626,-122.1746877744309,31.0043082041666
2026-04-18T21:02:20-07:00,227,37.42816910972581,-122.1747131830843,31.3466821080074
2026-04-18T21:02:25-07:00,228,37.42812004448511,-122.1747256853859,31.9685295950621
2026-04-18T21:02:30-07:00,229,37.4280614987618,-122.1747058985001,31.7959180669859
2026-04-18T21:02:36-07:00,230,37.42804030490181,-122.1746712404292,31.5051714926958
2026-04-18T21:02:42-07:00,231,37.4281316250777,-122.1745501562265,31.2658407809213
2026-04-18T21:02:47-07:00,232,37.42814607921772,-122.1744849114798,31.8188631124794
2026-04-18T21:02:52-07:00,233,37.42811984499404,-122.1744171930719,31.9052107157186
2026-04-18T21:02:57-07:00,234,37.42816956407364,-122.1743971986325,30.9355368986726
2026-04-18T21:03:02-07:00,235,37.42819860325758,-122.1743806048563,31.5016615083441
2026-04-18T21:03:08-07:00,236,37.42823972101826,-122.174331306235,30.8169900253415
2026-04-18T21:03:13-07:00,237,37.42827754550533,-122.1742587023722,30.3676649928093
2026-04-18T21:03:18-07:00,238,37.42830427744599,-122.174196296927,30.2962248502299
2026-04-18T21:03:23-07:00,239,37.42832948036381,-122.1741555679939,30.0751506891102
2026-04-18T21:03:28-07:00,240,37.428328967689,-122.1741361400429,29.9660549815744
2026-04-18T21:04:51-07:00,1,37.42838282607256,-122.1738254373168,30.852840423584
2026-04-18T21:04:56-07:00,2,37.42839263289927,-122.1738484037315,31.7445945739746
2026-04-18T21:05:01-07:00,3,37.42833207364886,-122.1738624853288,30.3965721130371
2026-04-18T21:05:06-07:00,4,37.42827346384342,-122.1738400638768,31.3303186139092
2026-04-18T21:05:11-07:00,5,37.42823659155307,-122.1737795447124,30.9598351959139
2026-04-18T21:05:17-07:00,6,37.42822041802097,-122.1737039836612,30.9472009241581
2026-04-18T21:05:22-07:00,7,37.42820517176676,-122.1736273615704,30.489711901173
2026-04-18T21:05:27-07:00,8,37.42817226289352,-122.1735834514036,31.8535876311362
2026-04-18T21:05:32-07:00,9,37.42811473051412,-122.1735944256959,31.8787461034954
2026-04-18T21:05:37-07:00,10,37.42811095222709,-122.1736595645605,31.5060349702835
2026-04-18T21:05:42-07:00,11,37.42812062255449,-122.1737043817671,30.8091139346361
2026-04-18T21:05:48-07:00,12,37.42812756937571,-122.1737589740197,30.0573725020513
2026-04-18T21:05:53-07:00,13,37.42813474786661,-122.1738002077539,29.1569383768365
2026-04-18T21:05:58-07:00,14,37.42814341030002,-122.17384347045,30.0349823329598
2026-04-18T21:06:03-07:00,15,37.42815816550162,-122.1738980418488,29.9321817317978
2026-04-18T21:06:08-07:00,16,37.42815881111606,-122.1739478498824,29.5159487919882
2026-04-18T21:06:14-07:00,17,37.42812026463902,-122.1739852006628,30.9020147882402
2026-04-18T21:06:19-07:00,18,37.42807535333962,-122.1740160810021,30.3614594070241
2026-04-18T21:06:24-07:00,19,37.42804030809902,-122.1740328573103,30.4060435891151
2026-04-18T21:06:29-07:00,20,37.42801993484139,-122.1740714995819,31.2496578842402
2026-04-18T21:06:34-07:00,21,37.42802659611419,-122.1741040614459,31.1663775313646
2026-04-18T21:06:40-07:00,22,37.42803126985209,-122.1740695584782,30.908265764825
2026-04-18T21:06:45-07:00,23,37.42805636006956,-122.1740534448337,31.2030936619267
2026-04-18T21:06:50-07:00,24,37.42803184392276,-122.1739759202245,32.2022894984111
2026-04-18T21:06:55-07:00,25,37.42797979957026,-122.1739148332621,31.2038749651983
2026-04-18T21:07:00-07:00,26,37.42793535480581,-122.1738481576187,31.1550845736638
2026-04-18T21:07:05-07:00,27,37.42791263076159,-122.1737890711431,31.0576355857775
2026-04-18T21:07:11-07:00,28,37.42788312620989,-122.1737140271083,31.1692447243258
2026-04-18T21:07:16-07:00,29,37.4278502445102,-122.1736546164608,31.3167091775686
2026-04-18T21:07:21-07:00,30,37.42782197888564,-122.1735910870592,31.693405425176
2026-04-18T21:07:26-07:00,31,37.42779568915385,-122.1735371703852,31.2124493680894
2026-04-18T21:07:31-07:00,32,37.42777296296511,-122.1734741261312,31.0707647176459
2026-04-18T21:07:37-07:00,33,37.4277567725298,-122.1733832894071,31.4647074779496
2026-04-18T21:07:42-07:00,34,37.4277768505032,-122.173316928022,32.4201821302995
2026-04-18T21:07:47-07:00,35,37.42779788840288,-122.1732901783566,33.6171729434282
2026-04-18T21:07:52-07:00,36,37.42784717926086,-122.1732493077031,33.8799067661166
2026-04-18T21:07:57-07:00,37,37.42789097116881,-122.1732274000857,34.3301453515887
2026-04-18T21:08:03-07:00,38,37.42796227354063,-122.1732085795334,33.7814784608781
2026-04-18T21:08:08-07:00,39,37.42802956268103,-122.1731713636646,34.703783236444
2026-04-18T21:08:13-07:00,40,37.42807721715089,-122.1731280673449,34.0173973785713
2026-04-18T21:08:18-07:00,41,37.42807887834512,-122.173067510436,32.6080773267895
2026-04-18T21:08:23-07:00,42,37.42807739773746,-122.1730052693699,32.8633512407541
2026-04-18T21:08:28-07:00,43,37.42808308820611,-122.172948017692,33.3733154619113
2026-04-18T21:08:34-07:00,44,37.42807894543544,-122.172895490544,34.8272361913696
2026-04-18T21:08:39-07:00,45,37.42805040633248,-122.1729057776954,34.7275307923555
2026-04-18T21:08:44-07:00,46,37.42800953605228,-122.1728905089847,33.4233526205644
2026-04-18T21:08:49-07:00,47,37.42791568254113,-122.1728721614257,32.279024108313
2026-04-18T21:09:04-07:00,48,37.42786561935213,-122.1727012369724,30.9304778221995
2026-04-18T21:09:20-07:00,49,37.42800428636648,-122.1722998497142,29.7905309349298
2026-04-18T21:09:25-07:00,50,37.42804798793493,-122.1722400268629,28.7182626845315
2026-04-18T21:09:30-07:00,51,37.42811760052405,-122.1722070561075,28.2166251763701
2026-04-18T21:09:35-07:00,52,37.42817389097409,-122.1721982834756,28.5035388916731
2026-04-18T21:09:40-07:00,53,37.42818160902685,-122.1721941165445,28.7564334496856
2026-04-18T21:09:46-07:00,54,37.4282407447754,-122.172164667898,29.1677595870569
2026-04-18T21:09:51-07:00,55,37.42829271060861,-122.1721545727994,29.1184970643371
2026-04-18T21:09:56-07:00,56,37.42833805333636,-122.172142447478,29.3387601077557
2026-04-18T21:10:01-07:00,57,37.42838817066183,-122.1721294322659,29.5286314701661
2026-04-18T21:10:06-07:00,58,37.42843061863621,-122.1721108837129,29.6520550670102
2026-04-18T21:10:12-07:00,59,37.42849698052938,-122.1720680333492,29.7738599684089
2026-04-18T21:10:17-07:00,60,37.42855964150215,-122.1720574625821,29.5423040557653
2026-04-18T21:10:22-07:00,61,37.42860380132915,-122.1720286324521,29.2226184569299
2026-04-18T21:10:27-07:00,62,37.42863378241162,-122.1720050458341,30.6555857220665
2026-04-18T21:10:32-07:00,63,37.42867468658409,-122.1719918097285,29.81634726841
2026-04-18T21:10:38-07:00,64,37.42871692734207,-122.17199637832,29.3685654429719
2026-04-18T21:10:43-07:00,65,37.42876410457685,-122.1719787659173,28.8192799370736
2026-04-18T21:10:48-07:00,66,37.42881800451779,-122.1719571695756,29.0470021450892
2026-04-18T21:10:53-07:00,67,37.42888120795344,-122.1719330013347,28.5666796760634
2026-04-18T21:10:58-07:00,68,37.42893382629305,-122.1719254121934,27.8627805681899
2026-04-18T21:11:04-07:00,69,37.42895895057332,-122.1719281385698,27.7596048945561
2026-04-18T21:11:09-07:00,70,37.4289679459454,-122.1719299654657,27.8923668768257
2026-04-18T21:11:14-07:00,71,37.42896915749591,-122.1719213401646,27.6682714838535
2026-04-18T21:11:19-07:00,72,37.42897740154678,-122.1719426403834,28.1799186635762
2026-04-18T21:11:24-07:00,73,37.42897032580778,-122.1719363784338,28.1630681417882
2026-04-18T21:11:29-07:00,74,37.42897032580778,-122.1719363784338,28.1630681417882
2026-04-18T21:11:45-07:00,75,37.42897032580778,-122.1719363784338,28.1630681417882
2026-04-18T21:12:00-07:00,76,37.42895968135586,-122.1719855716238,28.2640488119796